datetime,c1,c2,c3,shape_ratio,VAR_EDDY.H,VAR_EDDY.tau,VAR_EDDY.F_c,VAR_EDDY.CO2_storage_flux,VAR_EDDY.U,VAR_EDDY.Qc_H,VAR_EDDY.Qc_tau,VAR_EDDY.Qc_F_c
2024-11-01T00:00:00.0,-8.888650678100703,-0.08442111591656398,0.009420660979434366,0.11159128705127636,-5.86034,-0.54412,0.52903,-0.09239,4.71025,1.0,0.0,0.0
2024-11-01T00:30:00.0,-8.785191527833588,-0.05620550356529127,0.019738235931391453,0.35117977207449946,-4.20727,-0.49164,0.46236,-0.03034,4.6252,0.0,0.0,0.0
2024-11-01T01:00:00.0,-9.099386005602806,0.09399779789083886,-0.013208171599320565,0.1405157556420569,NaN,-0.49939,0.42985,0.12781,4.55881,2.0,0.0,0.0
2024-11-01T01:30:00.0,-9.304870225369068,0.04324059736047364,-0.0038997419223450796,0.09018705014260153,-17.78069,-0.48898,0.62026,0.17358,4.0586,0.0,0.0,1.0
2024-11-01T02:00:00.0,-9.486059192400461,0.07298123062026547,-0.013562369235497264,0.18583366052108274,-23.59679,-0.70276,1.13743,-0.00528,4.59603,0.0,0.0,1.0
2024-11-01T02:30:00.0,-9.58871327942266,0.059913521997769205,-0.00721773258468213,0.12046917530488147,-18.72054,-0.52015,0.73215,0.04575,4.43693,1.0,0.0,1.0
2024-11-01T03:00:00.0,-9.981679047685724,0.051775272058034054,-0.02069960909036853,0.39979720564609833,-18.4407,-0.53148,0.76682,-0.08954,4.57707,0.0,0.0,0.0
2024-11-01T03:30:00.0,-9.970709784444335,0.13179816555104154,-0.033646350552861574,0.2552869413029223,-18.71233,-0.60154,0.59184,-0.14452,4.84303,0.0,0.0,0.0
2024-11-01T04:00:00.0,-10.307035378377112,0.04902645826782425,0.010661998129585484,0.2174743700909532,-18.70515,-0.70145,0.68353,0.07936,5.02045,0.0,0.0,0.0
2024-11-01T04:30:00.0,-10.263459688477077,0.08792077765003661,-0.022605599238051322,0.2571132767732282,-33.04226,-0.57001,0.90208,0.0772,4.36859,0.0,0.0,0.0
2024-11-01T05:00:00.0,-10.370694572291427,0.09816884934125188,-0.01751496687389034,0.17841674819886386,-26.77616,-0.69165,0.74111,-0.00059,4.90589,0.0,0.0,0.0
2024-11-01T05:30:00.0,-11.078118261706454,0.06142693090039643,-0.008404791632337578,0.1368258434719117,-21.11944,-0.6611,0.76093,0.32231,5.25413,0.0,0.0,0.0
2024-11-01T06:00:00.0,-11.12965732706747,0.08085533187108583,-0.0009087455340657314,0.01123915409208409,-17.25027,-0.63455,0.66715,-0.35447,4.81581,0.0,0.0,0.0
2024-11-01T06:30:00.0,-10.994270806686494,0.12302679683711892,-0.03476344052976508,0.28256803739912095,-20.10222,-0.53795,0.59877,0.00989,4.56784,0.0,0.0,0.0
2024-11-01T07:00:00.0,-11.046111236950912,0.05254008303556044,0.004543892396163375,0.08648430176800358,-12.79002,-0.65779,0.28446,-0.41648,4.95489,1.0,0.0,1.0
2024-11-01T07:30:00.0,-11.35905474547456,0.05976600482572939,-0.0048250377850954426,0.08073214529170358,-26.36167,-0.74897,0.63601,-0.06505,5.13137,0.0,0.0,0.0
2024-11-01T08:00:00.0,-11.26258445151578,0.07096528881567887,-0.011555021138621507,0.16282638077657724,-27.15124,-0.72254,0.71581,-0.10057,4.80118,0.0,0.0,0.0
2024-11-01T08:30:00.0,-11.233222171970866,0.09373883937411567,-0.006269745787952079,0.06688525087161852,-26.67403,-0.85123,0.71664,0.04694,5.13413,0.0,0.0,0.0
2024-11-01T09:00:00.0,-11.100276469576242,0.16003123508503977,-0.05957043764953779,0.37224256638325864,-29.39674,-0.65191,0.71062,-0.32651,4.89144,0.0,0.0,0.0
2024-11-01T09:30:00.0,-10.802719365117438,0.08035950832974413,-0.028756747721733016,0.35785121536251413,-19.80241,-0.63375,0.76717,0.19082,4.69298,0.0,0.0,0.0
2024-11-01T10:00:00.0,-10.523756994182367,0.13954544687828735,-0.06349696642721335,0.45502714597772514,-9.72229,-0.47984,0.373,-0.17797,4.61049,0.0,0.0,1.0
2024-11-01T10:30:00.0,-10.340170071569535,0.09128912593948535,-0.043067242666784994,0.4717674993989299,-3.68786,-0.57661,0.49699,-0.01803,4.73361,0.0,0.0,0.0
2024-11-01T11:00:00.0,-9.81677603770949,0.10179166943270047,-0.06383304457511582,0.6270949767389267,NaN,-0.38943,0.49282,-0.02006,3.8062,2.0,0.0,0.0
2024-11-01T11:30:00.0,-9.878751982370234,0.06104323728419818,-0.053186783506624036,0.8712969015552541,11.73124,-0.5482,0.48385,0.17286,4.39755,0.0,0.0,0.0
2024-11-01T12:00:00.0,-10.172832986471365,0.03177422590803711,-0.02478930494946942,0.7801702241689894,NaN,-0.48506,NaN,0.02029,4.47496,2.0,0.0,2.0
2024-11-01T12:30:00.0,-9.969748101889651,0.04648804010458945,-0.05069834753544387,1.0905675399819397,3.23147,-0.62957,0.76078,-0.0325,4.62443,1.0,0.0,0.0
2024-11-01T13:00:00.0,-9.628644339119777,0.0805518397656747,-0.04991803541987958,0.6197007487984277,NaN,-0.61684,0.56144,-0.087,4.52658,2.0,0.0,0.0
2024-11-01T13:30:00.0,-9.329284959321866,0.11925758522258166,-0.03034451219447431,0.25444513351364184,NaN,-0.68174,0.39346,-0.02139,4.41668,2.0,0.0,1.0
2024-11-01T14:00:00.0,-9.944533505965168,0.04912776212113702,-0.025498898161803646,0.5190323568765378,-21.06224,-0.72481,0.41637,-0.04866,5.18057,0.0,0.0,1.0
2024-11-01T14:30:00.0,-10.318589824636664,0.05929056136282501,-0.013244925525274065,0.22339011844098663,-25.5931,-0.93817,0.5744,0.21088,5.24379,0.0,0.0,0.0
2024-11-01T15:00:00.0,-10.423197996543276,0.07412556314351247,-0.020909471821118582,0.2820817938426495,-42.47197,-0.88881,0.84532,0.2318,5.4117,0.0,0.0,0.0
2024-11-01T15:30:00.0,-10.081562731711326,0.2269178564593191,-0.0551687011751181,0.2431219033880153,-39.51739,-0.5802,0.53455,-0.48194,5.07844,0.0,0.0,0.0
2024-11-01T16:00:00.0,-10.477873412290245,0.09794753786740035,-0.002615322681844125,0.02670126007031134,-46.47137,-0.69562,0.84385,0.19474,5.18505,0.0,0.0,0.0
2024-11-01T16:30:00.0,-10.292306470308999,0.18550344985663467,-0.0373306045635885,0.20123940871417353,-45.78374,-0.5664,0.66127,-0.10139,4.94822,0.0,0.0,0.0
2024-11-01T17:00:00.0,-9.99976317487112,0.18490328497551334,-0.04692603491112995,0.2537869184819747,-43.27478,-0.58154,0.64908,-0.09502,4.81856,0.0,0.0,0.0
2024-11-01T17:30:00.0,-9.789316789332693,0.23358314472535016,-0.05865494790255135,0.25110950523214565,-48.04734,-0.54915,0.41703,-0.21143,4.59034,0.0,0.0,0.0
2024-11-01T18:00:00.0,-9.669959285335528,0.38043225469503494,-0.09275093979461256,0.2438040903470824,-34.61377,-0.26849,0.21809,0.05723,3.86105,0.0,0.0,0.0
2024-11-01T18:30:00.0,-9.279150651565681,0.5148025838518686,-0.18862604964114174,0.36640462879925595,-36.97715,-0.19303,0.23872,-0.05996,3.43161,0.0,0.0,0.0
2024-11-01T19:00:00.0,-8.685739986033576,0.5064556049794477,-0.1425991781636985,0.28156303684206485,-39.22409,-0.20171,0.27669,0.02152,3.34349,0.0,0.0,0.0
2024-11-01T19:30:00.0,-8.9679134745354,0.478937874611053,-0.11387815324144548,0.23777228588139182,-24.05612,-0.28126,NaN,0.10065,3.77522,1.0,0.0,2.0
2024-11-01T20:00:00.0,-10.270957868091724,0.19826439477053778,-0.017409833351283325,0.08781119459917489,-40.39645,-0.5071,0.60115,0.02295,4.30864,0.0,0.0,0.0
2024-11-01T20:30:00.0,-9.506379144632822,0.2733008035618147,-0.10432563326214501,0.38172457564161105,-48.50273,-0.37343,0.63414,-0.07633,3.80053,0.0,0.0,0.0
2024-11-01T21:00:00.0,-9.076488535708872,0.41180083138370716,-0.11259478881592141,0.2734204990251902,-54.59978,-0.34271,0.45675,-0.09096,3.98255,0.0,0.0,0.0
2024-11-01T21:30:00.0,-9.079224777286633,0.3766533986814654,-0.10468220633962999,0.27792715187513656,-74.75735,-0.34975,0.99035,-0.11986,3.90872,0.0,0.0,0.0
2024-11-01T22:00:00.0,-8.306463900793073,0.48221303970339846,-0.12786585946565285,0.265164665692784,-47.00277,-0.2509,0.32282,-0.04604,3.66357,0.0,0.0,0.0
2024-11-01T22:30:00.0,-8.63147945748987,0.49433718249837055,-0.13799311939652245,0.2791477644855843,-40.18297,-0.19407,0.29366,0.16827,3.62298,0.0,0.0,0.0
2024-11-01T23:00:00.0,-9.162859987404584,0.34700855017942,-0.10638346840198964,0.30657304653439893,-22.81528,-0.25241,NaN,0.04924,3.55473,1.0,0.0,2.0
2024-11-01T23:30:00.0,-8.734892278967589,0.34865018676051984,-0.07107788235343919,0.20386589496440174,-36.49032,-0.29853,0.2104,-0.04244,3.83808,0.0,0.0,0.0
2024-11-02T00:00:00.0,-8.667163348174771,0.3204114278955233,-0.06730790956375483,0.21006713151848616,-42.41263,-0.32526,0.37159,-0.15809,3.93472,0.0,0.0,0.0
2024-11-02T00:30:00.0,-8.8489763221534,0.33550221747973774,-0.07715006911907075,0.22995397675346257,-32.72002,-0.36547,0.12221,0.16703,3.65591,0.0,0.0,1.0
2024-11-02T01:00:00.0,-9.524421689061906,0.2567328483601352,-0.07037061325941857,0.2741005434595004,-32.9937,-0.30704,0.18776,0.2779,3.74552,0.0,0.0,1.0
2024-11-02T01:30:00.0,-9.46417467563721,0.401161735418474,-0.11547479967004463,0.28785098247116336,-37.25917,-0.22644,0.28234,-0.19299,3.89577,0.0,0.0,1.0
2024-11-02T02:00:00.0,-9.302910239777448,0.3258929195645804,-0.07298910403433263,0.22396652290529065,-41.03679,-0.32086,0.39633,0.19089,4.12149,0.0,0.0,0.0
2024-11-02T02:30:00.0,-9.625254989400567,0.25184361567153735,-0.03943555872127209,0.15658748631017605,-42.06731,-0.4188,0.48187,0.22809,4.51124,0.0,0.0,0.0
2024-11-02T03:00:00.0,-9.505683691905867,0.3077298670615718,-0.08498961194781851,0.2761825257956306,-36.81874,-0.30705,0.19846,-0.18597,4.29281,0.0,0.0,0.0
2024-11-02T03:30:00.0,-9.381628537301673,0.25202988169673196,-0.04400001567489129,0.17458253512905503,-48.42339,-0.40809,0.60155,0.02465,4.00665,0.0,0.0,0.0
2024-11-02T04:00:00.0,-9.250926245029419,0.24249005348949285,-0.09398549574403574,0.38758495200756,-35.54926,-0.31766,0.29225,0.07527,3.9136,0.0,0.0,0.0
2024-11-02T04:30:00.0,-8.792989185783672,0.2916768469605932,-0.07656248908469872,0.2624908006326695,-37.23819,-0.30861,0.29149,-0.19062,3.76437,0.0,0.0,0.0
2024-11-02T05:00:00.0,-8.737805343898442,0.3676909046311964,-0.1316779126861544,0.3581212127567604,-33.26288,-0.21509,0.34135,-0.13359,3.74707,0.0,0.0,0.0
2024-11-02T05:30:00.0,-8.484589834476068,0.3083428144799654,-0.10674714979289637,0.34619632688029534,-26.97471,-0.31289,0.20023,0.00054,4.03014,0.0,0.0,0.0
2024-11-02T06:00:00.0,-8.660210689677232,0.26025825052228285,-0.06467857377529483,0.24851690059968787,-45.12993,-0.31324,0.55918,0.0024,4.01932,0.0,0.0,0.0
2024-11-02T06:30:00.0,-8.468305131701813,0.27762988231539226,-0.053594756367539145,0.19304390406597008,-34.31289,-0.40168,0.45045,0.03319,3.82542,0.0,0.0,1.0
2024-11-02T07:00:00.0,-9.289747721678024,0.2878673093522951,-0.10351648109030454,0.35959790405940106,NaN,-0.16602,NaN,0.26761,3.22346,2.0,0.0,2.0
2024-11-02T07:30:00.0,-8.952913209025668,0.4316316222741763,-0.0918272682362951,0.21274453375884864,NaN,-0.09541,NaN,-0.08666,3.30431,2.0,0.0,2.0
2024-11-02T08:00:00.0,-9.226680396699415,0.27900783573319105,-0.07282586274707988,0.261017266972823,-26.5091,-0.19856,0.28043,0.04318,3.73151,0.0,0.0,0.0
2024-11-02T08:30:00.0,-9.250292237460235,0.03566062771559816,-0.019575940305745554,0.5489510858268748,-10.26409,-0.26262,0.20161,0.16417,3.24915,0.0,0.0,0.0
2024-11-02T09:00:00.0,-9.464247218240962,0.12809647491133205,-0.0420681965753641,0.32841025956790426,NaN,-0.19188,0.20465,0.20101,3.13878,2.0,0.0,0.0
2024-11-02T09:30:00.0,-9.411230295456305,0.0506315022081263,0.0020118274099278437,0.03973469721791007,-4.07056,-0.11389,0.25751,-0.06049,3.10911,1.0,0.0,0.0
2024-11-02T10:00:00.0,-8.6266224443289,-0.06706115238165189,-0.011864757575549141,0.1769244511043531,-23.31951,-0.10716,0.73368,-0.00367,3.05253,0.0,0.0,0.0
2024-11-02T10:30:00.0,-8.894210038782477,-0.10804901573901694,0.070088312974377,0.6486714616972472,20.73112,-0.20148,NaN,0.35498,3.59597,1.0,0.0,2.0
2024-11-02T11:00:00.0,-8.94494729514381,-0.16553011225604983,-0.0015423376754318317,0.009317565574087637,2.21564,-0.25667,0.77058,0.04916,3.39382,1.0,0.0,0.0
2024-11-02T11:30:00.0,-8.067977334181355,-0.07991784433891569,-0.027255747135254912,0.34104707604059875,NaN,-0.2636,NaN,-0.10662,3.1866,2.0,0.0,2.0
2024-11-02T12:00:00.0,-7.658871540579783,-0.036611932533431986,-0.03019084430995257,0.8246176101844382,12.97168,-0.25499,0.49252,0.5826,3.7126,0.0,0.0,0.0
2024-11-02T12:30:00.0,-7.783276183147571,0.09794804192354578,-0.0789493835703181,0.806033301124516,3.0097,-0.2514,0.21128,-0.34709,3.49999,0.0,0.0,0.0
2024-11-02T13:00:00.0,-7.4333551188457925,0.15847485985537427,-0.10318576384304529,0.6511175585655267,-10.62751,-0.23927,0.8599,-0.32865,3.42197,0.0,0.0,0.0
2024-11-02T13:30:00.0,-6.990885707146111,0.17038911170120583,-0.08949652614873384,0.5252479178697455,-24.36712,-0.36087,1.32394,-0.08212,3.63707,0.0,0.0,1.0
2024-11-02T14:00:00.0,-6.685806314056198,0.2389547010610208,-0.07864503687595678,0.3291211117703583,-22.79236,-0.34632,0.3609,-0.12484,3.35106,0.0,0.0,1.0
2024-11-02T14:30:00.0,-6.608646619494984,0.25193292252797955,-0.08972590365123943,0.3561499733774355,-36.34662,-0.32273,1.06936,-0.18636,3.34755,0.0,0.0,1.0
2024-11-02T15:00:00.0,-6.4416404342461595,0.2834112134664128,-0.1035073905047349,0.3652198134249251,-26.03743,-0.17989,0.37339,-0.14747,2.99838,0.0,0.0,0.0
2024-11-02T15:30:00.0,-6.647730944992618,0.29314597148918853,-0.10431765238595256,0.3558556573573786,-24.55088,-0.28647,0.23498,0.13454,3.63855,0.0,0.0,0.0
2024-11-02T16:00:00.0,-6.8395836604500815,0.27126663780715177,-0.0839909469573832,0.30962505244413374,-28.44709,-0.36577,0.4625,-0.14537,3.95259,0.0,0.0,0.0
2024-11-02T16:30:00.0,-7.036427616656129,0.20697213984376547,-0.07037308120796218,0.340012338187564,-29.43246,-0.39609,0.32719,0.03824,4.17651,0.0,0.0,0.0
2024-11-02T17:00:00.0,-7.125647874537271,0.2561710951863788,-0.06744633592818906,0.2632862848133513,-41.68948,-0.45506,0.50156,0.15021,4.17388,0.0,0.0,0.0
2024-11-02T17:30:00.0,-7.322672667309925,0.2187204514617623,-0.05078000267875966,0.2321685162013176,-32.08856,-0.45796,0.41184,-0.00157,3.82366,0.0,0.0,0.0
2024-11-02T18:00:00.0,-7.287991333441519,0.23106079097741447,-0.0883455799000762,0.38234777751068866,-31.99951,-0.41043,0.61484,0.04155,3.53776,0.0,0.0,0.0
2024-11-02T18:30:00.0,-6.973150583054083,0.26280879758884357,-0.0641916223493198,0.2442521823403555,-46.80365,-0.55846,0.57853,-0.27941,4.34851,0.0,0.0,0.0
2024-11-02T19:00:00.0,-6.705215003027378,0.21795465121923915,-0.061738873674850564,0.2832647678289179,-31.31703,-0.68945,0.29594,0.1448,4.52418,0.0,0.0,0.0
2024-11-02T19:30:00.0,-7.528599378550805,0.08834295730037439,-0.022443361422544994,0.2540481110026173,-24.94766,-0.75659,0.48791,0.22026,4.96846,0.0,0.0,0.0
2024-11-02T20:00:00.0,-7.559534440407288,0.09040002654080348,-0.03535611017630246,0.3911072986283242,-29.36976,-0.69164,0.61755,0.03077,4.90342,0.0,0.0,0.0
2024-11-02T20:30:00.0,-7.91106099296976,0.08889412059095876,-0.03514484557448884,0.39535624336963576,-25.84647,-0.73296,0.6429,0.08227,5.14496,0.0,0.0,0.0
2024-11-02T21:00:00.0,-8.032923393125039,0.11854758684849433,-0.04780880462324112,0.40328787699695245,-24.03304,-0.66159,0.60857,-0.221,5.02273,0.0,0.0,0.0
2024-11-02T21:30:00.0,-8.034400549252567,0.08652601446319515,-0.011687859289767278,0.13507913616821962,NaN,-0.52571,0.18446,0.23761,5.07225,2.0,0.0,1.0
2024-11-02T22:00:00.0,-8.26881751835651,0.07905557717025463,-0.021558885686246462,0.27270543657934593,-17.50647,-0.62484,0.56414,-0.05998,4.97151,0.0,0.0,0.0
2024-11-02T22:30:00.0,-8.346227719967832,0.057738141443288094,-0.02171913280957282,0.3761661228895966,-25.03249,-0.7872,0.61799,0.07145,5.30141,0.0,0.0,0.0
2024-11-02T23:00:00.0,-8.513724639093347,0.10962508330231752,-0.028240569126374754,0.2576104690246355,-22.12622,-0.74752,0.64454,-0.29026,5.08713,0.0,0.0,0.0
2024-11-02T23:30:00.0,-8.707608093022252,0.07081061545356798,-0.02765883076738753,0.39060288616646766,-27.02668,-0.6082,0.63892,0.13046,5.2455,0.0,0.0,0.0
2024-11-03T00:00:00.0,-8.67169065169593,0.06715401093532661,-0.01032057562673019,0.1536851705949408,-25.24526,-0.84211,0.64009,-0.16928,5.34555,0.0,0.0,0.0
2024-11-03T00:30:00.0,-8.897725872015167,0.09147597876210681,-0.01119105417361121,0.12233872023074777,-30.60316,-0.68048,0.74673,-0.03346,4.97734,0.0,0.0,0.0
2024-11-03T01:00:00.0,-9.012511203957233,0.09850700378892063,-0.007270081122632523,0.07380268247941787,-37.15392,-0.83706,0.88735,0.03815,4.86587,0.0,0.0,0.0
2024-11-03T01:30:00.0,-9.308595529943544,0.07606899708869909,-0.008397441671085136,0.11039243308668087,-38.6201,-0.82431,0.90421,-0.01303,5.45727,0.0,0.0,0.0
2024-11-03T02:00:00.0,-9.301538615991324,0.11658647318936441,-0.015066576183549483,0.12923091136891796,-40.1593,-0.80739,0.76501,-0.12185,5.18468,0.0,0.0,0.0
2024-11-03T02:30:00.0,-9.290981698640174,0.09880701284130142,-0.026269142022090453,0.265863133260415,-35.05622,-0.80778,0.46974,0.12643,5.72848,0.0,0.0,0.0
2024-11-03T03:00:00.0,-9.248214822352775,0.08967569958262858,-0.017996995300327903,0.20068976750769804,-32.76359,-0.91473,0.44826,-0.06564,5.38282,0.0,0.0,0.0
2024-11-03T03:30:00.0,-9.40923401187148,0.0536955072679492,-0.013123064049290908,0.24439780378281395,-21.8814,-0.77979,0.34325,-0.05904,5.32638,0.0,0.0,0.0
2024-11-03T04:00:00.0,-9.45901938333457,0.08882555902263232,-0.005357492501450745,0.06031476255708879,-28.86183,-0.93152,0.27596,0.15109,5.02372,0.0,0.0,1.0
2024-11-03T04:30:00.0,-9.687854785195505,0.050701024802611246,-0.011392842437650869,0.22470635420103197,-22.24879,-0.82347,0.31637,0.04089,5.29049,0.0,0.0,0.0
2024-11-03T05:00:00.0,-9.676799927882504,0.08736201266020507,-0.023231709305227673,0.26592461182857025,-34.70187,-0.82065,0.57353,-0.049,5.02829,0.0,0.0,0.0
2024-11-03T05:30:00.0,-9.623264658990864,0.08038628408208486,-0.023947885601917313,0.29791009592461576,-26.11395,-0.97352,0.24197,-0.05299,5.34996,0.0,0.0,1.0
2024-11-03T06:00:00.0,-9.922487858462322,0.0633503300822622,-0.017534045927872957,0.2767790776323423,-36.37165,-0.81802,0.59357,0.1667,5.44104,0.0,0.0,0.0
2024-11-03T06:30:00.0,-9.52935347814481,0.13748186316749395,-0.024915182386238837,0.18122523082106262,-34.3994,-0.61611,0.35076,-0.00698,4.93663,0.0,0.0,0.0
2024-11-03T07:00:00.0,-9.825721015955061,0.10575497851469554,-0.011617583775177569,0.10985377651571467,-31.0285,-0.6564,0.47609,0.08178,4.7726,0.0,0.0,0.0
2024-11-03T07:30:00.0,-9.670897841902836,0.13612297396799053,-0.03854881760661144,0.2831911211084489,-36.56205,-0.62897,0.36041,-0.19452,4.89306,0.0,0.0,0.0
2024-11-03T08:00:00.0,-9.525943559932466,0.14816624509916917,-0.03472688635522806,0.23437785260728583,-25.6446,-0.68344,0.37007,0.09658,5.10908,0.0,0.0,0.0
2024-11-03T08:30:00.0,-9.587513234797468,0.08206600037394454,-0.020103801248792543,0.2449711349058919,-25.43531,-0.75896,0.29416,-0.06852,4.93068,0.0,0.0,0.0
2024-11-03T09:00:00.0,-9.426223966585129,0.13824826060695003,-0.021274366316564246,0.15388523677016694,-31.51382,-0.83894,0.60382,0.12352,5.2612,0.0,0.0,0.0
2024-11-03T09:30:00.0,-9.327977905635182,0.08171117472093543,-0.017836937946603505,0.21829251638495237,-23.79593,-0.83416,0.36968,0.04408,5.07984,0.0,0.0,0.0
2024-11-03T10:00:00.0,-9.272773643881283,0.09248524224885214,-0.029814962074251022,0.3223753471286503,-16.28932,-0.68343,0.33619,0.10564,4.85959,0.0,0.0,0.0
2024-11-03T10:30:00.0,-8.935500883518728,0.08595921382927892,-0.02426241254739222,0.2822549377380194,-20.87057,-0.62245,0.52343,-0.00469,4.70254,0.0,0.0,0.0
2024-11-03T11:00:00.0,-8.736923951806453,0.05134324247681357,-0.031399123799199916,0.6115531915106385,-8.81352,-0.55984,0.41585,-0.20549,4.65438,1.0,0.0,0.0
2024-11-03T11:30:00.0,-8.53212592708852,0.12802906873577885,-0.04923019371662008,0.38452356330279447,-16.3635,-0.49835,0.36077,0.19999,4.40237,0.0,0.0,0.0
2024-11-03T12:00:00.0,-8.531343707238554,0.11458075133867746,-0.049291582499988267,0.43019077745696,-12.08796,-0.52217,0.31002,-0.00116,4.33478,0.0,0.0,0.0
2024-11-03T12:30:00.0,-8.863257425102919,0.0832463489986861,-0.035080457851829824,0.42140536220253344,-2.89867,-0.44182,0.2075,-0.02837,4.19177,0.0,0.0,0.0
2024-11-03T13:00:00.0,-8.853774221806898,0.0907250408829094,-0.04155664826263115,0.45805047711430136,-18.30501,-0.5529,0.42007,0.3918,4.56789,0.0,0.0,0.0
2024-11-03T13:30:00.0,-8.908164713589453,0.06545119964294868,-0.017062958670359625,0.2606974167538866,-16.53793,-0.762,0.4404,-0.30455,4.65014,0.0,0.0,0.0
2024-11-03T14:00:00.0,-8.865095560963772,0.09840464557420066,-0.033287754848364354,0.3382742212435914,-27.95113,-0.72493,0.4252,0.13635,4.75292,0.0,0.0,0.0
2024-11-03T14:30:00.0,-8.950803805858358,0.1595889924758667,-0.03641650936767727,0.22818935568619642,-38.16714,-0.67029,0.62361,-0.14038,4.66568,0.0,0.0,0.0
2024-11-03T15:00:00.0,-8.672164209922192,0.08941996602660833,-0.02091700926473273,0.23391877892805887,-37.7731,-0.80637,0.5254,0.36236,5.10351,0.0,0.0,0.0
2024-11-03T15:30:00.0,-8.876549252382972,0.07590196822771583,-0.00994096463938693,0.1309711048541289,-33.47802,-0.82389,0.42238,-0.10937,4.8603,0.0,0.0,0.0
2024-11-03T16:00:00.0,-8.871336785731701,0.14788163735259538,-0.03741174382768595,0.2529843765421993,-39.46295,-0.68183,0.54366,-0.06697,5.07453,0.0,0.0,0.0
2024-11-03T16:30:00.0,-8.788510226769773,0.10241508377972301,-0.027310104218947053,0.26666095667788864,-30.20993,-0.66533,0.43225,-0.03189,5.08104,0.0,0.0,0.0
2024-11-03T17:00:00.0,-8.68044166221361,0.10895322673949581,-0.035743978361061295,0.3280671847060039,NaN,-0.58928,0.37654,0.07212,4.91297,2.0,0.0,0.0
2024-11-03T17:30:00.0,-8.319691559266206,0.10358385536890491,-0.03331972357265836,0.32166908109369996,-34.22921,-0.67869,0.47319,0.01157,5.19321,0.0,0.0,0.0
2024-11-03T18:00:00.0,-8.255930103227557,0.09235917676521752,-0.029429689223017967,0.3186439101534001,-36.43782,-0.6334,0.65756,-0.26718,4.74904,0.0,0.0,0.0
2024-11-03T18:30:00.0,-8.072793562909554,0.10150056985868329,-0.025699784142218227,0.25319842221575106,-33.55998,-0.74112,0.39423,0.09694,5.10357,0.0,0.0,0.0
2024-11-03T19:00:00.0,-8.075468003086705,0.08660839553760194,-0.01088471432265301,0.12567735789456227,-29.97394,-0.7599,0.5624,-0.21724,5.26395,0.0,0.0,0.0
2024-11-03T19:30:00.0,-7.911079000109493,0.03886466608714514,-0.01707535516711279,0.4393542229032717,-31.69445,-0.81286,0.55024,0.16453,5.24615,0.0,0.0,0.0
2024-11-03T20:00:00.0,-7.856491537194667,0.0834932629927663,-0.021313276367071813,0.2552694145983773,-28.45552,-0.77047,0.48292,-0.03518,5.26549,0.0,0.0,0.0
2024-11-03T20:30:00.0,-7.608370581376259,0.07970441496772758,-0.03751728316656697,0.470705207255555,-31.92444,-0.76092,0.48337,-0.05004,5.08946,0.0,0.0,0.0
2024-11-03T21:00:00.0,-7.450543151823748,0.03564392630994017,-0.018366747113427884,0.5152840614055998,-32.4064,-0.82326,0.58605,-0.10633,5.15946,0.0,0.0,0.0
2024-11-03T21:30:00.0,-7.543002409622415,0.02584655836472823,0.008707754636371185,0.33690190057390046,-27.82912,-0.95369,0.56022,-0.04067,5.1281,0.0,0.0,0.0
2024-11-03T22:00:00.0,-7.523447664592099,0.09347655711665497,-0.02696262665586606,0.28844265864667856,-34.40615,-0.78139,0.62147,-0.03275,5.01967,0.0,0.0,0.0
2024-11-03T22:30:00.0,-7.264518056917931,0.09663519698623108,-0.024818197612907274,0.25682358381743103,-22.1838,-0.61656,0.30501,-0.04812,4.77421,0.0,0.0,0.0
2024-11-03T23:00:00.0,-6.987141962201159,0.07784941522359999,-0.026557673680711217,0.34114159501946106,-24.22134,-0.73082,0.39968,0.0325,5.22662,0.0,0.0,0.0
2024-11-03T23:30:00.0,-7.025514547322902,0.0569412181373728,-0.019288693690481203,0.3387474718919169,-39.46958,-1.11037,0.69974,-0.18517,5.60016,0.0,0.0,0.0
2024-11-04T00:00:00.0,-6.771894392513785,0.06823606165312027,-0.017071831296603092,0.2501878168671014,-44.9894,-1.15847,0.76044,-0.03143,5.7654,0.0,0.0,0.0
2024-11-04T00:30:00.0,-6.5391123388108,0.019584970474503867,-0.01210863617548483,0.6182616507514327,-35.35215,-1.09897,0.40744,0.0238,5.56208,0.0,0.0,1.0
2024-11-04T01:00:00.0,-6.435337360557191,0.06816166885791608,-0.017497954099052464,0.2567125246819761,-42.64087,-0.86053,0.5017,0.02241,5.1624,0.0,0.0,0.0
2024-11-04T01:30:00.0,-6.528031500754763,0.07635264799101242,-0.027466177091927266,0.3597278917577338,-35.98098,-0.78459,0.57633,0.03305,5.04504,0.0,0.0,0.0
2024-11-04T02:00:00.0,-6.250897027669196,0.09626687646081562,-0.02853421539006321,0.2964074086446312,-34.68201,-0.74331,0.58847,-0.20862,4.81774,0.0,0.0,0.0
2024-11-04T02:30:00.0,-6.012040568352163,0.07015736721011061,-0.02799559198259926,0.39903994542378896,-35.63275,-1.03423,0.53891,-0.02964,5.44246,0.0,0.0,1.0
2024-11-04T03:00:00.0,-6.0751949433946,0.07027981921542788,-0.01545914382748805,0.21996561744277293,-36.24831,-1.07216,0.66179,0.00459,5.17697,0.0,0.0,0.0
2024-11-04T03:30:00.0,-6.158696743875612,0.05358367948469108,-0.024240796017433425,0.4523914044454347,-34.29953,-0.81579,0.80226,0.00296,5.07504,0.0,0.0,0.0
2024-11-04T04:00:00.0,-6.182481627553799,0.06935665671689101,-0.01821476412944811,0.26262459858466786,-34.58171,-0.84141,0.48909,0.01314,4.87619,0.0,0.0,0.0
2024-11-04T04:30:00.0,-6.197443957656737,0.08234433124308246,-0.01384947440821089,0.16818977334732255,-31.55165,-0.78129,0.49369,-0.08509,4.28712,0.0,0.0,0.0
2024-11-04T05:00:00.0,-6.048502562413831,0.11158034342082387,-0.032792459399209675,0.293891006192133,-39.77472,-0.78631,0.47482,0.05757,4.6902,0.0,0.0,0.0
2024-11-04T05:30:00.0,-5.99264043565488,0.09031200416529515,-0.025023205968915198,0.2770750821022201,-41.50627,-0.71064,0.50835,0.10097,4.98778,0.0,0.0,0.0
2024-11-04T06:00:00.0,-5.8908640889709725,0.09368969153085212,-0.02582743494380737,0.2756699752320389,-46.85641,-0.86455,0.52406,-0.25123,5.16154,0.0,0.0,0.0
2024-11-04T06:30:00.0,-6.049004700817469,0.10349987754087102,-0.020561875574176852,0.19866569954208094,-32.17048,-0.62992,0.53227,0.2711,4.90118,0.0,0.0,0.0
2024-11-04T07:00:00.0,-6.243285931477964,0.061610146936763366,-0.00047470720666596174,0.007705016629049774,-20.89006,-0.68351,0.3939,-0.17866,4.81583,0.0,0.0,0.0
2024-11-04T07:30:00.0,-6.648874070892325,0.08146956361928068,-0.025113468104294382,0.30825583185462163,-31.03644,-0.72412,0.57093,0.34258,4.58278,0.0,0.0,0.0
2024-11-04T08:00:00.0,-6.677301670843767,0.05209392780918266,-0.01764738723755881,0.33876092626765003,-28.01232,-0.62877,0.43698,-0.34075,4.04161,0.0,0.0,0.0
2024-11-04T08:30:00.0,-6.773198000128446,0.1198253497680913,-0.027009312500553526,0.2254056637666993,-28.13902,-0.53085,0.5564,0.168,3.84014,0.0,0.0,0.0
2024-11-04T09:00:00.0,-6.618306308875835,0.1135390221273956,-0.0472668147287198,0.41630457831215445,-28.63802,-0.73502,0.37843,0.04834,4.7628,0.0,0.0,0.0
2024-11-04T09:30:00.0,-6.47613286071992,0.12776799941986258,-0.035458918497314126,0.27752581756243533,-16.03465,-0.53097,0.13212,-0.07821,4.42269,0.0,0.0,1.0
2024-11-04T10:00:00.0,-6.527584101583307,0.08208544622722644,-0.03936277582961328,0.47953416395703613,-6.91622,-0.55338,0.3277,0.07893,4.05182,1.0,0.0,0.0
2024-11-04T10:30:00.0,-6.410779547079696,0.0572849103025229,-0.05972729952960851,1.042635821792987,-6.95842,-0.80903,0.40949,-0.01543,4.06338,0.0,0.0,0.0
2024-11-04T11:00:00.0,-6.035544594400159,0.04550965872256024,-0.03378478770477869,0.7423652176945628,-1.99519,-0.84306,0.43993,0.04633,3.92215,0.0,0.0,0.0
2024-11-04T11:30:00.0,-5.756293083181593,0.018398123223687283,-0.023527784995046853,1.2788144045450904,-16.58305,-1.22786,0.47889,0.0778,5.10335,0.0,0.0,0.0
2024-11-04T12:00:00.0,-5.600251430614661,0.02841081812938639,-0.03879687722165239,1.3655670542455554,NaN,-1.03862,0.36495,-0.11689,4.8915,2.0,0.0,1.0
2024-11-04T12:30:00.0,-5.396088211875543,0.08892171926224338,-0.03081835380400997,0.34657847441210693,NaN,-0.86845,0.31183,0.0446,4.82864,2.0,0.0,0.0
2024-11-04T13:00:00.0,-5.256538024195691,0.11683472510549049,-0.039459170066577676,0.33773495021236066,-20.09416,-0.87131,0.22909,0.1279,4.98543,0.0,0.0,1.0
2024-11-04T13:30:00.0,-5.127358128136999,0.12815874835299468,-0.03192222415543483,0.2490834575530474,-29.10268,-0.90423,0.49901,-0.05122,5.04956,0.0,0.0,0.0
2024-11-04T14:00:00.0,-5.241780059223176,0.14635507871772674,-0.03899305861317333,0.2664277793077394,-23.19611,-0.72676,0.37237,0.0692,4.87328,0.0,0.0,0.0
2024-11-04T14:30:00.0,-5.556351252921606,0.11881037222838584,-0.026961857314552102,0.22693184785856982,-32.27521,-0.68685,0.3274,-0.13071,4.40985,0.0,0.0,0.0
2024-11-04T15:00:00.0,-5.786922341540733,0.11501364172818401,-0.05133622310769823,0.44634899248754356,-21.39833,-0.42594,0.34226,-0.0189,3.77018,0.0,0.0,0.0
2024-11-04T15:30:00.0,-6.082477886698865,0.1734921399877807,-0.059248726074742124,0.34150668773187703,-37.90812,-0.50671,0.61872,0.06855,3.95722,0.0,0.0,0.0
2024-11-04T16:00:00.0,-5.978398991788825,0.1334308207418878,-0.030896400715470364,0.2315537035872484,-37.79266,-0.61324,0.45571,-0.15112,4.21858,0.0,0.0,0.0
2024-11-04T16:30:00.0,-5.993981889357423,0.13292393231622116,-0.038646376093005544,0.2907405417488495,-33.14279,-0.66674,0.49908,0.02247,5.0166,0.0,0.0,0.0
2024-11-04T17:00:00.0,-6.493478112654695,0.1170781897230697,-0.011314327224856308,0.09663906874216789,-26.92439,-0.56583,0.53921,0.09537,4.25282,0.0,0.0,0.0
2024-11-04T17:30:00.0,-6.545131297525943,0.17224883896759532,-0.05570683322124059,0.323409049112491,-50.97456,-0.69052,0.72596,-0.22764,4.59302,0.0,0.0,0.0
2024-11-04T18:00:00.0,-6.304877507138607,0.16555874096710635,-0.046299622800896396,0.27965677034289194,-25.11279,-0.44043,0.35155,0.09384,4.45832,0.0,0.0,0.0
2024-11-04T18:30:00.0,-6.650979987439194,0.163326623754729,-0.04514235970685166,0.27639314809227233,-20.69983,-0.38617,0.24354,0.03487,4.13932,0.0,0.0,0.0
2024-11-04T19:00:00.0,-6.713382232769659,0.1577361887949105,-0.04187633419423642,0.26548336506776055,-25.92605,-0.43905,0.35796,-0.00888,4.08298,0.0,0.0,0.0
2024-11-04T19:30:00.0,-6.624252019036499,0.1281735641914051,-0.046609303062728355,0.3636420923204211,-23.05233,-0.38635,0.24181,-0.11212,4.26495,0.0,0.0,0.0
2024-11-04T20:00:00.0,-6.704759410902242,0.09631425398284706,-0.029600900575276815,0.3073366542458871,-22.08471,-0.46888,0.36591,0.18736,4.3615,0.0,0.0,0.0
2024-11-04T20:30:00.0,-6.827113504758031,0.10154383829403543,-0.03213547834590981,0.3164690136378015,-18.01312,-0.40342,0.23855,0.04363,4.1504,0.0,0.0,0.0
2024-11-04T21:00:00.0,-6.781233151882645,0.06253200453186429,-0.02025150804513489,0.3238582897948742,-16.34473,-0.37678,0.30314,-0.13818,3.92157,0.0,0.0,0.0
2024-11-04T21:30:00.0,-6.481416257681223,0.08291975311579838,-0.06591615217533643,0.7949390790308284,-15.14593,-0.28435,0.29363,-0.01925,3.58984,0.0,0.0,0.0
2024-11-04T22:00:00.0,-6.185008863228226,0.09552099359917306,-0.047247505647236385,0.4946295454745502,-19.31053,-0.32044,0.35226,-0.01981,3.38771,0.0,0.0,0.0
2024-11-04T22:30:00.0,-5.904658448978422,0.07839149598209433,-0.03334972621961806,0.42542530668423,NaN,-0.39024,0.47358,0.05599,3.47823,2.0,0.0,0.0
2024-11-04T23:00:00.0,-5.706550902234065,0.04800681148412326,-0.006998129992043259,0.1457736886849415,-11.35239,-0.33837,0.26569,-0.11706,3.76315,0.0,0.0,0.0
2024-11-04T23:30:00.0,-5.933976478751097,0.02481158862299933,-0.0033723495582455017,0.13591832467831064,-11.29185,-0.38924,0.56595,0.14664,3.42621,1.0,0.0,0.0
2024-11-05T00:00:00.0,-6.073097154622655,0.0694754918445728,-0.02636355663197032,0.37946556306430457,-22.65494,-0.41508,0.56358,-0.11842,3.81185,0.0,0.0,0.0
2024-11-05T00:30:00.0,-5.7404107022223165,0.1004101197011518,-0.03141135202457929,0.31283054056770504,-15.3061,-0.37661,0.48218,0.16563,3.68746,0.0,0.0,0.0
2024-11-05T01:00:00.0,-5.803946509400528,0.03631328693145263,0.0005571756705992645,0.01534357580053346,-12.99466,-0.37843,0.31927,0.07275,3.9279,0.0,0.0,0.0
2024-11-05T01:30:00.0,-5.82766784743855,0.07951198461038073,-0.02523170688909343,0.3173321231098952,-12.32303,-0.42584,0.38336,-0.05432,3.76882,0.0,0.0,0.0
2024-11-05T02:00:00.0,-5.672068072618988,0.018098252876391954,-0.012317643645267351,0.6805984936443755,-17.40737,-0.35057,0.46076,0.08408,3.82206,0.0,0.0,0.0
2024-11-05T02:30:00.0,-5.703813595049804,-0.01580607931565163,0.008786119508085615,0.5558696329826303,-13.52969,-0.52946,0.66431,-0.08029,4.00984,0.0,0.0,0.0
2024-11-05T03:00:00.0,-5.508549790872378,-0.0022609172468029304,-0.0004443442280157141,0.19653272522204998,-13.34524,-0.42492,0.49013,0.01777,3.87233,0.0,0.0,0.0
2024-11-05T03:30:00.0,-5.565860178268633,-0.0047555521969595786,0.006579217496808125,1.3834812918286317,-2.42375,-0.49189,0.43643,-0.02345,4.09397,1.0,0.0,0.0
2024-11-05T04:00:00.0,-5.5737362942973645,-0.008375563956839862,0.007176615618151159,0.8568516287539554,NaN,-0.36111,0.22109,-0.04216,3.57664,2.0,0.0,1.0
2024-11-05T04:30:00.0,-5.393514258526494,0.050492332438984544,-0.016479585296193342,0.32637797661867657,-10.23226,-0.29463,0.50334,-0.0585,3.2386,0.0,0.0,0.0
2024-11-05T05:00:00.0,-5.243046489075015,0.03553383176497448,-0.0034936123519721165,0.09831791783895799,-15.26633,-0.39705,0.40698,0.10754,3.8792,0.0,0.0,0.0
2024-11-05T05:30:00.0,-5.239073962707285,0.06453034637455637,-0.0246577577003312,0.3821110390018531,-11.09716,-0.28063,0.23837,0.07245,3.52239,0.0,0.0,1.0
2024-11-05T06:00:00.0,-5.588165001054055,0.05796158284237548,-0.0012128916678733636,0.020925785811815742,-7.12989,-0.42481,0.19736,0.163,3.96111,1.0,0.0,1.0
2024-11-05T06:30:00.0,-5.6476849467246115,0.04484722154509952,0.004235192646508124,0.09443600964775724,-27.5116,-0.55375,0.73264,-0.04261,4.07598,0.0,0.0,0.0
2024-11-05T07:00:00.0,-5.682321719412995,0.017748053906081657,-0.0018569221004008179,0.10462680078769163,-26.36805,-0.57132,0.80877,0.02764,4.01869,0.0,0.0,0.0
2024-11-05T07:30:00.0,-5.388525833224233,0.03468897352376755,-0.009343064091604654,0.2693381539584372,-21.84546,-0.53004,0.51224,0.13212,4.13533,0.0,0.0,0.0
2024-11-05T08:00:00.0,-5.50764054667089,0.030506595623147142,-0.021425243617362963,0.7023151282441484,-25.744,-0.44815,0.81619,-0.26337,3.71241,0.0,0.0,0.0
2024-11-05T08:30:00.0,-4.831237029019633,0.053569980551843595,-0.00958730923275775,0.17896794312776365,-14.52489,-0.43064,0.33737,-0.00964,3.45972,1.0,0.0,1.0
2024-11-05T09:00:00.0,-4.529959977779401,0.06401706290643285,-0.019256096084579517,0.300796306645998,-25.3843,-0.38307,0.65239,0.1207,3.39144,0.0,0.0,0.0
2024-11-05T09:30:00.0,-4.3498992139012325,0.08141955415158351,-0.016135488401883107,0.19817706655384934,-16.32028,-0.35334,0.48962,-0.10848,3.37261,0.0,0.0,0.0
2024-11-05T10:00:00.0,-4.122827642245013,0.12369686653583331,-0.04072466517213,0.3292295618525843,-16.94513,-0.25362,0.44844,-0.11467,2.8505,0.0,0.0,0.0
2024-11-05T10:30:00.0,-3.9967222717382658,0.07638833449435814,-0.015354567070491721,0.20100670046191116,-8.95202,-0.25663,0.49665,-0.03666,3.14937,0.0,0.0,0.0
2024-11-05T11:00:00.0,-4.3897400183849955,-0.03907308793297989,0.021976042421931817,0.5624342375915162,4.29853,-0.4594,0.20777,0.34737,3.5835,0.0,0.0,0.0
2024-11-05T11:30:00.0,-4.582094992295614,-0.04164907154312862,0.007667801592732735,0.18410498262350317,-7.11393,-0.50934,0.50559,-0.16964,4.03867,0.0,0.0,0.0
2024-11-05T12:00:00.0,-4.468735047192895,-0.04695612402532521,0.004129717076853857,0.08794842339684053,2.70837,-0.45679,0.1827,0.0846,3.74205,0.0,0.0,1.0
2024-11-05T12:30:00.0,-4.41283622071353,-0.03720402483866274,0.004305932141857296,0.11573834176625253,NaN,-0.43744,0.35059,-0.03547,3.63958,2.0,0.0,1.0
2024-11-05T13:00:00.0,-3.8962732517884286,-0.07354200338287924,-0.014202584288030356,0.19312207493298655,NaN,-0.25551,0.49572,-0.19793,2.79302,2.0,0.0,0.0
2024-11-05T13:30:00.0,-2.9874078133519175,0.047312712549980464,-0.03372607210543628,0.7128331961480447,-7.04556,-0.17948,0.38575,0.01146,2.68863,0.0,0.0,0.0
2024-11-05T14:00:00.0,-2.614386963757121,-0.003539455263969371,-0.005229983065678168,1.4776237233220266,-11.76236,-0.21185,0.89952,-0.33136,2.08484,1.0,0.0,0.0
2024-11-05T14:30:00.0,-2.3243644207767487,-0.011472747849159902,-0.0015418319552018601,0.1343908168708477,11.94641,-0.22467,0.28482,0.30423,2.33281,0.0,0.0,1.0
2024-11-05T15:00:00.0,-3.365903123251371,-0.09438903216014514,0.017214881609990206,0.1823822240361844,8.26158,-0.373,0.79086,0.1189,2.75098,1.0,0.0,0.0
2024-11-05T15:30:00.0,-2.6568152973783,-0.06690356230077017,0.0001235108500516069,0.0018461027455661367,4.40365,-0.40359,0.36481,-0.16845,3.02108,1.0,0.0,1.0
2024-11-05T16:00:00.0,-2.7090650375087155,-0.08431423878465974,0.009455660199797003,0.11214784520497124,20.17694,-0.52027,0.35335,0.23955,3.47355,0.0,0.0,0.0
2024-11-05T16:30:00.0,-3.108993036553157,-0.10374257117563374,0.028146804695451964,0.27131393001432447,27.87393,-0.69652,0.21537,0.2264,4.04416,0.0,0.0,1.0
2024-11-05T17:00:00.0,-3.4204914976010783,-0.09118727348344077,0.014138458882056091,0.1550485977039721,NaN,-0.73751,NaN,0.39202,3.61659,2.0,0.0,2.0
2024-11-05T17:30:00.0,-3.511090949055275,-0.10401920030325595,0.016329661602013774,0.15698699427035137,20.71443,-0.76116,0.1437,0.27656,4.07081,0.0,0.0,0.0
2024-11-05T18:00:00.0,-3.369307335084304,-0.10021393987088562,0.01860949473596109,0.18569766601270574,26.59998,-1.13031,NaN,0.20535,5.06526,0.0,0.0,2.0
2024-11-05T18:30:00.0,-3.3253088881904933,-0.09126875600160703,0.016943408665578877,0.18564303281706332,15.65472,-1.31326,NaN,0.11001,5.67264,1.0,0.0,2.0
2024-11-05T19:00:00.0,-3.2201770230734152,-0.09861765220645226,0.017789566469750554,0.18038927181625436,22.60316,-1.3568,0.41289,0.01706,6.10297,0.0,0.0,0.0
2024-11-05T19:30:00.0,-2.9107151941807468,-0.07573292039780155,-0.003134440924785219,0.04138808999205329,18.83152,-1.56201,0.51325,0.22906,6.82288,0.0,0.0,0.0
2024-11-05T20:00:00.0,-2.8066982548429262,-0.08491953010516437,0.0019329090426863978,0.022761654949016826,15.17797,-1.29593,0.51345,-0.12944,5.67686,0.0,0.0,0.0
2024-11-05T20:30:00.0,-2.5168408585991995,-0.086001869821284,-0.0040308157606706255,0.04686893167610023,12.05892,-0.92204,0.49335,0.29929,4.47603,0.0,0.0,0.0
2024-11-05T21:00:00.0,-2.303661568466299,-0.07835843084995815,0.004186253140755445,0.053424412604322596,8.21635,-1.06323,0.42045,-0.10198,5.50628,0.0,0.0,1.0
2024-11-05T21:30:00.0,-2.158408687061602,-0.07938439366332119,0.005292610023218547,0.06667066130989356,5.45432,-0.995,0.49873,0.08413,5.0091,0.0,0.0,0.0
2024-11-05T22:00:00.0,-1.9943811005485683,-0.08011964956860596,-0.00011374483871511758,0.0014196871719679527,NaN,-1.16131,0.70896,0.09146,5.28719,2.0,0.0,0.0
2024-11-05T22:30:00.0,-1.844248151775606,-0.0758970346092995,0.0010370181511868627,0.013663487071994235,NaN,-0.84574,0.88617,-0.13539,4.65539,2.0,0.0,0.0
2024-11-05T23:00:00.0,-1.7657949068956025,-0.07269250061963806,0.012932112351586979,0.17790160252230114,NaN,-0.66812,0.80696,-0.12047,4.59037,2.0,0.0,0.0
2024-11-05T23:30:00.0,-1.7490612718288274,-0.07477849209027336,0.0016860750788539075,0.022547593990240675,NaN,-0.78636,0.87885,-0.17841,4.33199,2.0,0.0,0.0
2024-11-06T00:00:00.0,-1.6935884307063322,-0.051956218506548246,-0.004019058127339217,0.07735470830758553,-3.00303,-0.93263,1.00095,0.1449,5.05646,1.0,0.0,0.0
2024-11-06T00:30:00.0,-1.34656242769579,-0.03227137486906563,0.0046982122990350435,0.1455845100525484,NaN,-0.7618,1.03537,-0.25158,4.83559,2.0,0.0,0.0
2024-11-06T01:00:00.0,-1.1500044684109723,-0.024885195407247717,0.002402671550702672,0.09655023846037003,-14.54855,-0.83581,1.07414,-0.14923,5.12274,0.0,0.0,0.0
2024-11-06T01:30:00.0,-1.0463412924664413,-0.020114313336063883,-0.0032392603326885593,0.16104255107136764,-22.4262,-0.79602,1.24388,-0.35122,4.93611,0.0,0.0,0.0
2024-11-06T02:00:00.0,-0.9592186142617609,0.005068686249865679,-0.010336022007714763,2.039191517918212,-24.1837,-0.6791,1.44527,-0.09368,4.67551,0.0,0.0,0.0
2024-11-06T02:30:00.0,-0.794856207070211,-0.014847685288735547,-0.003907166915329593,0.2631499011023511,-28.70048,-0.66632,1.50101,-0.09115,4.36924,0.0,0.0,0.0
2024-11-06T03:00:00.0,-0.5908256148676638,-0.011776231043329007,0.02112241506653696,1.793648153540803,-32.50018,-0.61333,0.85413,-0.47187,3.96463,0.0,0.0,1.0
2024-11-06T03:30:00.0,-0.5564926612849139,-0.021061733785287803,0.031902697646149274,1.5147232403266906,-45.02351,-0.72365,1.28604,-0.27263,4.42017,0.0,0.0,0.0
2024-11-06T04:00:00.0,-0.39152384333659795,0.015403501455391011,0.010645329290745287,0.6910980157060049,-58.04322,-0.85614,0.92153,-0.05496,5.1888,0.0,0.0,0.0
2024-11-06T04:30:00.0,-0.253296706254357,0.04121689172605389,0.01639772021876502,0.39783980625593235,-71.08555,-1.10275,0.97603,0.1201,5.45317,0.0,0.0,0.0
2024-11-06T05:00:00.0,-0.22063791230343596,0.05925728623540177,0.017714636054218497,0.2989444367034705,-68.37822,-1.02698,1.08382,-0.08119,5.66158,0.0,0.0,0.0
2024-11-06T05:30:00.0,-0.33068137076999693,0.06543358591580244,0.013876236270641634,0.21206596087362645,-55.31089,-0.83445,0.71086,0.18185,5.45343,0.0,0.0,0.0
2024-11-06T06:00:00.0,-0.2483121147574354,0.024384903189285777,-0.00942239403332579,0.38640276568601656,-61.86054,-1.03155,1.0648,-0.17382,5.6948,0.0,0.0,0.0
2024-11-06T06:30:00.0,-0.1748576115483043,0.05639659469437632,-0.005218942999346834,0.09254003770314966,-64.03374,-1.18885,1.32841,-0.13267,5.78839,0.0,0.0,0.0
2024-11-06T07:00:00.0,-0.037602690575782555,0.04820576725879137,-0.006296085686711185,0.13060855670880245,-45.45238,-0.85863,0.82876,0.05344,5.35899,0.0,0.0,0.0
2024-11-06T07:30:00.0,0.04629248776610762,0.07011676217387626,-0.01220764614068801,0.17410453309888105,-49.6169,-0.99606,0.80087,-0.15734,5.49352,0.0,0.0,0.0
2024-11-06T08:00:00.0,0.01728745330908957,0.06953536278798508,-0.010801576695509326,0.1553393304129811,-41.35004,-0.70834,0.75867,0.01354,4.72347,0.0,0.0,0.0
2024-11-06T08:30:00.0,0.05365812852079504,0.07313141326070911,-0.016433335644302705,0.22470966868531375,-70.75039,-0.91264,1.26402,0.01398,5.1367,0.0,0.0,0.0
2024-11-06T09:00:00.0,0.3085263203317098,0.0689309892673258,-0.0331741121478212,0.4812655744597904,-61.34293,-1.0437,0.72315,-0.1832,4.96936,0.0,0.0,0.0
2024-11-06T09:30:00.0,0.5907346770184767,0.07429332583723228,-0.02464240008147451,0.331690630400139,-55.05237,-0.96662,0.53072,-0.09035,4.92642,0.0,0.0,0.0
2024-11-06T10:00:00.0,0.7039023727957655,0.0861111791519367,-0.008297835411308687,0.09636188347470867,-61.89225,-0.74177,0.67446,0.07772,4.22223,0.0,0.0,0.0
2024-11-06T10:30:00.0,0.8212080393850659,0.0640503716334892,-0.005306140138966368,0.08284323734028132,-65.11088,-0.99884,0.41732,-0.2224,5.21444,0.0,0.0,0.0
2024-11-06T11:00:00.0,0.7435063194284331,0.05151824580842619,-0.010430618993948652,0.20246456047311004,-50.63911,-1.01596,0.63857,0.14028,4.39894,0.0,0.0,0.0
2024-11-06T11:30:00.0,0.7145135049707646,0.019189581681542917,-0.006258844422139334,0.3261584606692739,-35.5948,-0.78415,0.28354,-0.12225,4.23592,0.0,0.0,0.0
2024-11-06T12:00:00.0,0.6455154076177442,0.04460712337093712,-0.015378653485360091,0.34475779479157687,-23.92037,-0.54688,0.34982,0.14091,3.98031,0.0,0.0,0.0
2024-11-06T12:30:00.0,0.6091741198239368,0.029891280686587696,-0.012974025186936447,0.4340404589207825,-25.71662,-0.66608,0.28989,-0.05551,4.18672,0.0,0.0,0.0
2024-11-06T13:00:00.0,0.5684689463153197,0.015391695123550755,-0.015402602456697664,1.000708650545593,-23.52229,-0.66156,0.33192,0.15112,3.74414,0.0,0.0,0.0
2024-11-06T13:30:00.0,0.5922272342078435,0.027446075803206575,-0.008809138407837641,0.3209616730275318,-28.70015,-0.8426,0.43714,-0.09977,3.99935,0.0,0.0,0.0
2024-11-06T14:00:00.0,0.5948841916535988,0.043798600386541264,-0.019130259735082287,0.4367778779744013,-33.46922,-0.7412,0.50735,-0.07964,4.24661,0.0,0.0,0.0
2024-11-06T14:30:00.0,0.5729256916244353,0.05375763045969676,-0.009190854825233316,0.17096837689160974,-32.76633,-0.70148,0.48173,0.29392,4.9048,0.0,0.0,0.0
2024-11-06T15:00:00.0,0.46177384481264344,0.06300043517198953,-0.007445313287776722,0.118178759677631,-29.61204,-0.67286,0.69696,-0.27334,4.61652,0.0,0.0,0.0
2024-11-06T15:30:00.0,0.33543328553366025,0.035484993460102504,-0.008543072959110986,0.2407517129379318,NaN,-0.89937,1.03439,0.33998,4.24028,2.0,0.0,0.0
2024-11-06T16:00:00.0,0.3796246606589097,-0.010821324184197206,-0.007835596894126119,0.7240885459811601,NaN,-0.59131,0.775,-0.06787,3.90037,2.0,0.0,0.0
2024-11-06T16:30:00.0,0.47373814186340835,-0.006532452224504549,-0.0009612772540405815,0.14715411931137226,-15.11586,-0.71544,0.84167,0.01547,3.91756,0.0,0.0,0.0
2024-11-06T17:00:00.0,0.5754654556945499,-0.0006429582817515644,-0.009848611984603925,15.317653204145795,NaN,-0.72162,0.7737,-0.04584,4.17596,2.0,0.0,0.0
2024-11-06T17:30:00.0,0.5676440788980006,-0.001915302397893939,-0.009585198950607134,5.004535555924219,-17.82531,-0.72426,0.83349,-0.08403,4.38208,0.0,0.0,0.0
2024-11-06T18:00:00.0,0.47975666357474694,-0.015110334848975572,-0.006920996984533726,0.4580306825565117,NaN,-0.59978,0.70487,-0.00845,3.45473,2.0,0.0,0.0
2024-11-06T18:30:00.0,0.4245638387198251,-0.013140929001741389,-0.0021479361668966883,0.16345390547441901,NaN,-0.39757,0.54851,0.09757,3.82198,2.0,0.0,0.0
2024-11-06T19:00:00.0,0.2678182340989195,-0.02302181276625849,0.011065626081098222,0.4806583301431571,-0.95282,-0.57483,0.81992,0.2476,3.34306,1.0,0.0,0.0
2024-11-06T19:30:00.0,0.00463345329845483,-0.06763406724853659,0.00674144872473294,0.09967534112594428,NaN,-0.43294,0.82651,0.07347,3.28592,2.0,0.0,0.0
2024-11-06T20:00:00.0,-0.0758011680552173,-0.04409173037626134,0.014975594093488965,0.33964632292026614,NaN,-0.34689,0.75202,0.032,3.22908,2.0,0.0,0.0
2024-11-06T20:30:00.0,-0.1668810046454594,-0.06526444830109039,0.02274753929030283,0.34854411371654515,NaN,-0.28533,0.64188,0.02107,2.97877,2.0,0.0,0.0
2024-11-06T21:00:00.0,-0.163877789622207,-0.0553495659759217,0.01705666460736796,0.308162571948405,NaN,-0.30702,0.59219,0.1057,3.18133,2.0,0.0,0.0
2024-11-06T21:30:00.0,-0.1800061279276432,-0.053541114550128666,0.014666294832202375,0.2739258410183232,NaN,-0.33058,0.81796,-0.00244,3.02083,2.0,0.0,0.0
2024-11-06T22:00:00.0,-0.04147716507012513,-0.0540959949026508,0.0007420575746048029,0.01371742170451219,NaN,-0.27229,0.55791,0.01485,2.96555,2.0,0.0,0.0
2024-11-06T22:30:00.0,0.06560770543873487,-0.04496055538298002,-0.010788435927078432,0.23995335100247522,NaN,-0.34661,0.54809,0.24191,3.50499,2.0,0.0,0.0
2024-11-06T23:00:00.0,0.03139318091800758,-0.03026095556911507,0.0027771304171138626,0.09177272709617461,NaN,-0.43523,0.82385,0.12619,3.46573,2.0,0.0,0.0
2024-11-06T23:30:00.0,-0.030531003121124695,-0.06662108044867271,-0.0004581706816421314,0.006877262850684667,NaN,-0.3939,0.56065,0.15095,3.40177,2.0,0.0,0.0
2024-11-07T00:00:00.0,-0.0622817075230212,-0.05389508209558321,0.015487141399673245,0.28735722810861886,NaN,-0.47233,0.45488,0.28569,4.00561,2.0,0.0,1.0
2024-11-07T00:30:00.0,-0.01290822122009637,-0.04316430291164052,0.006683948065849908,0.15484897507860332,NaN,-0.59218,0.84876,0.03984,4.43954,2.0,0.0,0.0
2024-11-07T01:00:00.0,0.07681701465116207,-0.023039744244452806,0.0007281558116312309,0.031604335703793514,-11.52541,-0.62166,0.6885,-0.04496,4.7532,0.0,0.0,0.0
2024-11-07T01:30:00.0,0.2735391916325268,-0.008610561851421627,-0.0025693401987389084,0.29839402388297154,NaN,-0.63797,0.49647,0.12219,4.91182,2.0,0.0,1.0
2024-11-07T02:00:00.0,0.32208747106512753,0.003876517669415013,-0.016683235687177805,4.303665585947244,-20.11398,-0.76323,0.55244,0.04123,5.05624,0.0,0.0,1.0
2024-11-07T02:30:00.0,0.3275981479934181,-0.01764130505594319,-0.0019952807496202425,0.11310278594995732,-20.05316,-0.80884,0.89274,0.09354,5.28621,0.0,0.0,0.0
2024-11-07T03:00:00.0,0.5214122057130706,0.013247259143704443,-0.018839762276740474,1.4221630355660235,NaN,-0.65864,0.51329,0.06053,5.09336,2.0,0.0,0.0
2024-11-07T03:30:00.0,0.6940207241701474,0.04842671076484788,-0.025235421535756045,0.5211054217226334,-16.4344,-0.57537,0.59923,-0.02639,4.69031,0.0,0.0,0.0
2024-11-07T04:00:00.0,0.8779557637551779,0.0292962271495669,-0.03474152313700099,1.185870213240567,-20.00989,-0.62849,0.71215,0.07283,4.56076,0.0,0.0,0.0
2024-11-07T04:30:00.0,0.973130867349971,0.03673459415178108,-0.03801560856003099,1.034872153560673,-22.91575,-0.67717,0.88857,0.02511,4.54996,0.0,0.0,0.0
2024-11-07T05:00:00.0,1.0594344086569008,0.05249459537048205,-0.03808283919595792,0.7254620961869928,-19.90273,-0.55226,0.657,0.01644,4.62193,0.0,0.0,0.0
2024-11-07T05:30:00.0,1.1678022064696545,0.11630520646565981,-0.050547875599598495,0.4346140395230133,-29.79833,-0.75188,0.84272,0.24987,4.69362,0.0,0.0,0.0
2024-11-07T06:00:00.0,1.2807497178637137,0.1023446552227409,-0.05117725836243242,0.5000481779048572,-20.45834,-0.51989,0.49634,-0.06558,4.51742,0.0,0.0,0.0
2024-11-07T06:30:00.0,1.0298351407624244,0.1077436592307717,-0.010890389639321204,0.10107684959906112,-25.14525,-0.57687,0.48793,0.26621,5.00437,0.0,0.0,1.0
2024-11-07T07:00:00.0,0.96545106768765,0.0936204587075209,-0.02978943499176232,0.318193644882977,-31.76447,-0.82974,0.73859,-0.05254,5.34404,0.0,0.0,0.0
2024-11-07T07:30:00.0,0.9914515554725569,0.07426338418503628,-0.03152897465161683,0.4245561254394029,-32.70176,-0.82127,0.84479,0.08786,5.24693,0.0,0.0,0.0
2024-11-07T08:00:00.0,0.8206774508886286,0.07723994065053555,-0.028716449079240206,0.3717823814645966,-27.171,-0.78931,0.79742,0.06177,4.96229,0.0,0.0,0.0
2024-11-07T08:30:00.0,1.0556661170620698,0.07363097803849983,-0.04795262988268203,0.6512561853736178,-33.22831,-0.65353,0.70322,-0.2679,4.83109,0.0,0.0,0.0
2024-11-07T09:00:00.0,1.2293970671141976,0.10312829364178,-0.052490446098444034,0.5089820091542634,-27.37662,-0.65272,0.5165,0.09361,4.61695,0.0,0.0,0.0
2024-11-07T09:30:00.0,1.4527027685710978,0.08062978170851916,-0.04759901830535732,0.5903404089252063,-31.28992,-0.66881,0.40521,-0.19411,4.6038,0.0,0.0,1.0
2024-11-07T10:00:00.0,1.5429301428459925,0.10883480625565989,-0.06578539438460891,0.6044517985365346,-30.23254,-0.70582,0.14305,-0.06837,5.00036,0.0,0.0,0.0
2024-11-07T10:30:00.0,1.7560146114915978,0.1173611459448752,-0.04030362705301242,0.3434154185231212,-32.73418,-0.6872,NaN,0.03254,4.60122,0.0,0.0,2.0
2024-11-07T11:00:00.0,1.7710115676043257,0.12051606875251472,-0.06478491941959671,0.5375625017493354,-43.29003,-0.77337,0.11966,-0.03948,5.06164,0.0,0.0,1.0
2024-11-07T11:30:00.0,1.8854008570724192,0.14435091993704302,-0.047805603842701765,0.33117630191447084,-30.92473,-0.77404,0.04122,-0.00306,4.98881,0.0,0.0,1.0
2024-11-07T12:00:00.0,1.781827385822865,0.1390070049850893,-0.05148555403129777,0.3703810037258224,-10.72005,-0.67756,NaN,-0.02312,5.07693,1.0,0.0,2.0
2024-11-07T12:30:00.0,1.824708243639697,0.12606729218543622,-0.0609791377336023,0.4837030817153289,-35.03341,-0.62419,0.56257,0.16524,4.26615,0.0,0.0,0.0
2024-11-07T13:00:00.0,1.6918840240774933,0.10953652005642597,-0.03441398142694359,0.3141781518092393,-18.81774,-0.40725,0.54466,0.04166,3.42199,0.0,0.0,0.0
2024-11-07T13:30:00.0,1.6124006827884123,0.09910650977601805,-0.03321283469226193,0.3351226349038358,-30.59741,-0.58798,0.52935,-0.02508,4.31806,0.0,0.0,0.0
2024-11-07T14:00:00.0,1.60911704686582,0.1297837085862423,-0.050819260711698094,0.3915688745935958,-42.44594,-0.69457,0.97984,-0.09039,4.21253,0.0,0.0,0.0
2024-11-07T14:30:00.0,1.7626298978305366,0.11068483532224614,-0.03039198624058683,0.2745813024169396,-47.21116,-0.79728,0.67924,-0.12525,4.87162,0.0,0.0,0.0
2024-11-07T15:00:00.0,1.9022523726527272,0.09316469583896395,-0.03075946865260103,0.3301622827789731,-45.28825,-0.96702,1.03266,0.17119,5.13643,0.0,0.0,0.0
2024-11-07T15:30:00.0,1.8741998847304002,0.11495500359161015,-0.04346332037410634,0.3780898526915314,-58.40787,-1.08719,0.87331,-0.31291,4.91639,0.0,0.0,0.0
2024-11-07T16:00:00.0,1.6630376292721258,0.10779903191463014,-0.02824910090953098,0.2620533821853098,-51.32452,-0.8079,1.43624,-0.10183,4.29065,0.0,0.0,0.0
2024-11-07T16:30:00.0,1.5771989698680482,0.09631147866989044,-0.044572417503611766,0.46279444692552835,-34.15761,-0.61412,1.08814,-0.02196,4.16525,0.0,0.0,0.0
2024-11-07T17:00:00.0,1.732198177692036,0.13418557949201823,-0.04685464941302005,0.3491779786650406,-33.67136,-0.61354,0.82195,-0.25593,4.05986,0.0,0.0,0.0
2024-11-07T17:30:00.0,1.592752947806268,0.08553524398266078,-0.025123530323746777,0.29372138493975275,-35.1735,-0.52355,1.49929,-0.08567,3.80743,0.0,0.0,0.0
2024-11-07T18:00:00.0,1.4600349866303393,0.08086504451091146,-0.023028035757267473,0.284771199923846,-19.05568,-0.48337,0.92598,0.0302,3.43611,0.0,0.0,0.0
2024-11-07T18:30:00.0,1.3393755769040956,0.09824858692516344,-0.022803210135128878,0.23209707995595116,-22.13193,-0.49096,0.95932,-0.26362,3.97672,0.0,0.0,0.0
2024-11-07T19:00:00.0,1.2933294655878194,0.04661619861522559,-0.024635140871741474,0.5284673912405901,-22.73783,-0.77615,1.12279,0.05561,4.22855,0.0,0.0,0.0
2024-11-07T19:30:00.0,1.2022625017397752,0.04184640324928908,-0.030329356972098716,0.7247781079635315,-15.12001,-0.47986,0.79704,-0.1489,3.88931,0.0,0.0,0.0
2024-11-07T20:00:00.0,0.9482900676609005,0.05421755056239392,-0.030258262451948195,0.5580898092606892,-16.9223,-0.33583,0.99419,0.07908,3.14106,0.0,0.0,0.0
2024-11-07T20:30:00.0,0.9795159689566845,0.08150176713673897,-0.034637493287947754,0.4249907027148867,-26.31288,-0.44302,1.11034,-0.13989,3.87519,0.0,0.0,0.0
2024-11-07T21:00:00.0,1.077053468570225,0.1292656775696712,-0.032731151131639,0.2532083670392527,-26.42611,-0.50624,0.88138,-0.18046,4.02036,0.0,0.0,0.0
2024-11-07T21:30:00.0,1.0175822162994328,0.1327028075535372,-0.030328066722291713,0.2285412590841852,-40.51527,-0.59129,0.78791,0.04237,4.32993,0.0,0.0,0.0
2024-11-07T22:00:00.0,0.9684252655297267,0.21727490593007365,-0.06221120898790995,0.2863248690482996,-34.03675,-0.36494,0.71409,0.08602,3.48574,0.0,0.0,0.0
2024-11-07T22:30:00.0,0.974161284672169,0.1718806322839235,-0.035020073921341606,0.20374648065928214,-30.64514,-0.63085,0.48873,-0.04014,4.76897,0.0,0.0,1.0
2024-11-07T23:00:00.0,0.9662071284828107,0.10817089463791729,-0.05234385615082056,0.4838996323921721,-29.75703,-0.57756,0.65516,-0.07752,5.07826,0.0,0.0,0.0
2024-11-07T23:30:00.0,1.8420890885966712,0.210311902746525,-0.05466446850112299,0.2599209449738394,-70.56709,-0.8353,1.01091,0.04972,5.20232,0.0,0.0,0.0
2024-11-08T00:00:00.0,1.7900984528288593,0.15274086576794563,-0.050497705413365145,0.33061031282934267,-70.52809,-0.95507,1.16934,0.15312,4.64161,0.0,0.0,1.0
2024-11-08T00:30:00.0,1.6855650575633387,0.12920547573165167,-0.04880309415057596,0.37771691853010675,-69.38479,-1.16383,1.65142,0.5389,5.55932,0.0,0.0,1.0
2024-11-08T01:00:00.0,1.9889104293966495,0.07305077790313969,-0.05373105846552068,0.7355302709680159,-52.38461,-0.99066,NaN,0.02954,5.88879,0.0,0.0,2.0
2024-11-08T01:30:00.0,2.2985807314993227,0.08171327604458824,-0.04850299334753313,0.593575434682935,-47.0049,-1.55565,0.45741,0.08736,6.58187,0.0,0.0,0.0
2024-11-08T02:00:00.0,2.2492909040589586,0.08461328761728004,-0.05173269690338521,0.611401570133769,-40.86456,-1.7846,0.36986,0.10876,7.18429,0.0,0.0,1.0
2024-11-08T02:30:00.0,2.6833954601182426,0.058105442023080524,-0.05106368106615733,0.87881064644296,-66.80935,-1.88953,0.31753,0.1549,7.38699,0.0,0.0,1.0
2024-11-08T03:00:00.0,3.129546833020599,0.09693208751339352,-0.04321977089996195,0.44587681962374004,-61.34722,-1.898,0.88262,0.01592,7.33278,0.0,0.0,0.0
2024-11-08T03:30:00.0,2.8120926848964047,0.11806242801146935,-0.04599762134849288,0.389604229925073,-29.27795,-1.08994,0.37193,0.3671,5.55341,1.0,0.0,1.0
2024-11-08T04:00:00.0,2.615569691074382,0.10775554802514407,-0.052689977584802,0.4889769348350131,-40.74181,-1.35386,1.00871,0.14144,6.94222,0.0,0.0,1.0
2024-11-08T04:30:00.0,2.927640397740291,0.13863518012732368,-0.07173516251035644,0.5174383763520507,-55.94058,-1.59949,0.80529,0.01258,7.61287,0.0,0.0,0.0
2024-11-08T05:00:00.0,2.9684244199654324,0.11563036383152228,-0.05004128385628075,0.4327694058732942,-50.32576,-2.1329,0.38425,0.02928,8.18978,0.0,0.0,1.0
2024-11-08T05:30:00.0,2.836544264127782,0.09834962173209684,-0.05412808666284248,0.5503639537149083,-59.95233,-1.8362,0.99017,-0.00683,7.47385,0.0,0.0,0.0
2024-11-08T06:00:00.0,3.537565257767761,0.16223412808621435,-0.10324124207579641,0.6363719107297326,-66.7385,-1.52007,1.14487,-0.21413,6.96122,0.0,0.0,0.0
2024-11-08T06:30:00.0,4.202137130361219,0.13968715192567527,-0.08594698111374811,0.6152819348731426,-66.02319,-1.2476,0.88622,-0.25071,6.33768,0.0,0.0,0.0
2024-11-08T07:00:00.0,3.9087857524108216,0.18183807951983827,-0.08236802854265367,0.4529745846423078,-47.65377,-1.13329,0.89788,0.35267,6.18657,0.0,0.0,0.0
2024-11-08T07:30:00.0,3.9086244805181196,0.14037267436916484,-0.05559121994561353,0.3960259373517005,-44.60423,-1.24855,0.89483,0.12001,6.17655,0.0,0.0,0.0
2024-11-08T08:00:00.0,4.221046561553844,0.16450479637605808,-0.07794897458504077,0.4738401329457249,-49.71099,-1.21331,0.94665,-0.14654,6.49753,0.0,0.0,0.0
2024-11-08T08:30:00.0,4.284369764282027,0.15356207448080927,-0.08251516519733998,0.5373407820669416,-40.68366,-1.25349,0.57868,-0.00538,6.4851,0.0,0.0,1.0
2024-11-08T09:00:00.0,4.304325474022937,0.15154694263631244,-0.05454738352914955,0.3599372087634538,-58.60092,-1.24316,1.0035,-0.16909,5.81586,0.0,0.0,0.0
2024-11-08T09:30:00.0,4.489064082093763,0.18409157696522116,-0.09499408835286606,0.5160153979821276,-50.59318,-1.00672,0.78935,-0.13286,5.53917,0.0,0.0,0.0
2024-11-08T10:00:00.0,4.904236542257946,0.1808567677280261,-0.10298758162406225,0.5694427856796369,NaN,-1.31307,NaN,-0.37757,5.96166,2.0,0.0,2.0
2024-11-08T10:30:00.0,6.090133923916395,0.22553895996251236,-0.09102928418820343,0.40360780329630735,-107.1619,-1.75735,0.5988,-0.01335,6.99836,0.0,0.0,0.0
2024-11-08T11:00:00.0,6.104578384747131,0.2738087085673623,-0.07393569572475919,0.270026823148211,-86.38267,-1.62049,0.38863,0.0298,7.00488,0.0,0.0,0.0
2024-11-08T11:30:00.0,5.593136527239352,0.15545392774278316,-0.06683333751337832,0.42992376251799796,-84.49783,-1.77217,0.5373,0.04943,6.97797,0.0,0.0,0.0
2024-11-08T12:00:00.0,5.675639637242984,0.18823242588638978,-0.08887313859918645,0.4721457431188133,-92.3872,-1.67247,0.54371,-0.16951,7.13955,0.0,0.0,0.0
2024-11-08T12:30:00.0,5.901008501462041,0.14878698924844355,-0.07477012096523514,0.5025313123339331,-75.42656,-1.37084,NaN,-0.16467,6.58461,0.0,0.0,2.0
2024-11-08T13:00:00.0,5.937618118490354,0.1513183980722082,-0.05929947819666349,0.39188544785126617,-72.19349,-1.65991,0.06347,-0.0713,6.82973,0.0,0.0,1.0
2024-11-08T13:30:00.0,6.068057640924496,0.15957553465283106,-0.07095224062564605,0.44463106941805425,-92.34662,-2.05811,0.10062,0.04034,7.48417,0.0,0.0,1.0
2024-11-08T14:00:00.0,6.517856363895176,0.24610377182906226,-0.0838536840332396,0.34072490401115163,-94.11865,-1.5168,0.32584,-0.18108,6.31663,0.0,0.0,1.0
2024-11-08T14:30:00.0,7.132655837068592,0.2050231553062373,-0.08964178742457633,0.437227625780517,-114.8162,-1.96582,0.54119,0.10201,7.30039,0.0,0.0,0.0
2024-11-08T15:00:00.0,7.1863891976228675,0.24314945436913854,-0.07786228060079517,0.3202239577415961,-115.7632,-1.60596,0.98211,0.02668,6.78946,0.0,0.0,0.0
2024-11-08T15:30:00.0,7.07283584091898,0.20287321595755042,-0.05965016725103409,0.294026823449752,-101.0061,-1.59413,1.08295,-0.01089,6.3883,0.0,0.0,0.0
2024-11-08T16:00:00.0,6.9382424873814115,0.20955329515532367,-0.05992193308606432,0.28595080331067757,-89.99625,-1.73115,0.8235,0.22379,6.78561,0.0,0.0,0.0
2024-11-08T16:30:00.0,6.438300987620847,0.21603823884173337,-0.07366939192546554,0.34100163156502455,-78.44909,-1.21375,0.74648,-0.03037,6.41442,0.0,0.0,0.0
2024-11-08T17:00:00.0,6.2221805581395495,0.24599234077607476,-0.0712662605701978,0.2897092663347231,-72.67183,-1.23723,0.75911,0.00078,5.93627,0.0,0.0,0.0
2024-11-08T17:30:00.0,6.989564387626806,0.10764782318519397,-0.09503766044365745,0.882857243477721,-81.42987,-2.02598,0.91319,-0.05273,7.65625,0.0,0.0,0.0
2024-11-08T18:00:00.0,7.3788268226179845,0.1070316315624898,-0.04496380377696623,0.4200982748797431,NaN,NaN,NaN,-0.13656,NaN,NaN,NaN,NaN
2024-11-08T18:30:00.0,7.131623998442961,0.1013259090000821,-0.008969285329357457,0.08851916965630369,NaN,NaN,NaN,-0.05377,NaN,NaN,NaN,NaN
2024-11-08T19:00:00.0,6.829048409741511,0.04149484993162261,-0.0352457333829546,0.8494001892050307,NaN,NaN,NaN,-0.04691,NaN,NaN,NaN,NaN
2024-11-08T19:30:00.0,6.791854092543979,0.12628084386997,-0.034345542514875094,0.2719774548722554,-91.30232,-2.18767,NaN,0.14455,7.52294,0.0,0.0,2.0
2024-11-08T20:00:00.0,6.557673014551677,0.07222639719037506,-0.04610013421402881,0.6382726538680534,-81.41731,-2.02604,0.82623,0.13888,7.05861,0.0,0.0,0.0
2024-11-08T20:30:00.0,6.6604293984739495,0.08000062995017795,-0.032496907082303544,0.4062081398926692,-64.16554,-1.58936,0.74492,-0.0703,6.96117,0.0,0.0,0.0
2024-11-08T21:00:00.0,6.6430261872289,0.07412838997943272,-0.03182002228798782,0.429255542941327,-77.6372,-1.98882,0.85267,0.01602,7.72935,0.0,0.0,0.0
2024-11-08T21:30:00.0,5.968249950828293,0.11804600050885812,-0.04217283609503919,0.3572576445897848,-103.7248,-2.03315,1.11712,0.22441,7.23264,0.0,0.0,0.0
2024-11-08T22:00:00.0,5.497289917945336,0.1008201971722683,-0.03015662038999282,0.2991128884469959,-84.97898,-1.6583,0.73625,-0.14743,6.86549,0.0,0.0,1.0
2024-11-08T22:30:00.0,5.554363526228459,0.11444780966806636,-0.042478398933818294,0.37115956222332813,-92.6514,-1.71992,1.16685,-0.40997,6.87145,0.0,0.0,0.0
2024-11-08T23:00:00.0,5.463323479079198,0.20977121823167047,-0.04470033539725017,0.21309088908414167,-103.3782,-1.47425,1.08694,-0.1684,6.07398,0.0,0.0,0.0
2024-11-08T23:30:00.0,5.382550923186285,0.1639944577577381,-0.05552977506388519,0.338607632374485,-119.2269,-1.94564,1.25812,-0.20816,7.0512,0.0,0.0,0.0
2024-11-09T00:00:00.0,5.465415012923244,0.14959308694053058,-0.043241333819684986,0.28905970659509955,-107.1804,-2.03585,0.94012,-0.03004,7.2162,0.0,0.0,0.0
2024-11-09T00:30:00.0,5.2638800652351465,0.17075373976908134,-0.055287277585950596,0.3237836996174625,-75.08821,-1.74616,NaN,0.4888,6.49088,0.0,0.0,2.0
2024-11-09T01:00:00.0,4.918598627486052,0.0698998468333087,-0.030090102997020026,0.4304745197622018,-91.24821,-2.11547,0.54257,0.16877,7.51368,0.0,0.0,1.0
2024-11-09T01:30:00.0,4.75798668970493,0.08920348382448473,-0.03328332457106634,0.37311686880474365,NaN,NaN,NaN,-0.34098,NaN,NaN,NaN,NaN
2024-11-09T02:00:00.0,4.752476352229644,0.09165800869150437,-0.03684317384791782,0.4019634985953252,NaN,NaN,NaN,-0.14172,NaN,NaN,NaN,NaN
2024-11-09T02:30:00.0,4.327354636358969,0.10216023161537785,-0.02689088859737053,0.26322266670862493,NaN,NaN,NaN,-0.10599,NaN,NaN,NaN,NaN
2024-11-09T03:00:00.0,3.9761046708904937,0.059033614908589715,-0.03633895874986593,0.6155638411460114,NaN,NaN,NaN,-0.43638,NaN,NaN,NaN,NaN
2024-11-09T03:30:00.0,3.8195783626513236,0.03948010386068467,-0.013333231190548528,0.33772026632954505,NaN,NaN,NaN,-0.05724,NaN,NaN,NaN,NaN
2024-11-09T04:00:00.0,3.674233485513658,0.034350381124319034,-0.018265566390640895,0.5317427578033311,NaN,NaN,NaN,-0.27421,NaN,NaN,NaN,NaN
2024-11-09T04:30:00.0,3.24039091444206,0.03259592671238186,-0.011426382585075117,0.3505463331629931,NaN,NaN,NaN,0.01781,NaN,NaN,NaN,NaN
2024-11-09T05:00:00.0,2.8846484537859345,0.05464272787220116,-0.009813206041859514,0.17958850928545728,-51.81059,-2.07179,0.81843,0.06852,7.37614,0.0,0.0,0.0
2024-11-09T05:30:00.0,2.426769628124707,0.027895529524726674,-0.005741667992568188,0.20582753188028777,-41.12473,-2.12499,0.93385,-0.04867,7.08695,0.0,0.0,0.0
2024-11-09T06:00:00.0,2.1488277051744586,0.035534415979237365,-0.01645144211088234,0.46297206968294796,-44.94368,-2.42682,0.95942,0.19759,7.48865,0.0,0.0,0.0
2024-11-09T06:30:00.0,2.107181276090403,-0.019190185663044992,-0.012658224263199713,0.6596196871391382,-22.13466,-2.56532,1.12831,-0.28495,8.08046,0.0,0.0,0.0
2024-11-09T07:00:00.0,2.014836613548419,-0.02460208615790098,0.005805490953723859,0.2359755557501542,-12.55138,-2.232,0.59162,0.14366,7.1915,1.0,0.0,1.0
2024-11-09T07:30:00.0,1.7391825166684682,-0.019659979612190893,-0.0054457245161263065,0.2769954304911631,-15.22172,-1.82884,0.86843,0.02609,6.27301,0.0,0.0,0.0
2024-11-09T08:00:00.0,1.6978843295536172,-0.022648444629547758,-0.0072297815503250045,0.31921757403565104,-15.82972,-1.88035,0.64779,0.10311,6.84327,0.0,0.0,0.0
2024-11-09T08:30:00.0,1.4967940204614052,-0.03503687000517736,0.0030196201237426548,0.08618407190186933,-10.60121,-1.79069,0.80769,0.15762,6.36586,0.0,0.0,1.0
2024-11-09T09:00:00.0,1.3317709635490835,-0.02538449305680773,0.0014062132754102505,0.05539654750099986,-10.78943,-1.60579,0.39436,0.02058,6.14514,0.0,0.0,1.0
2024-11-09T09:30:00.0,1.215193349559451,-0.047886728303187125,-0.005126647425766536,0.10705779257476085,-11.71511,-2.0373,0.63368,-0.12036,6.65438,0.0,0.0,0.0
2024-11-09T10:00:00.0,1.1455406724582322,-0.04391247990814692,0.0029092249487803886,0.06625052729578707,4.8635,-2.0167,0.56383,0.0967,6.38892,1.0,0.0,1.0
2024-11-09T10:30:00.0,0.8030848894831197,-0.04659319273449012,-0.00044699910716278896,0.009593656947056616,3.69194,-1.80174,-0.38333,-0.00406,6.17625,1.0,0.0,1.0
2024-11-09T11:00:00.0,0.6378325592734577,-0.03332768776085997,-0.0012795875679437047,0.03839412974357172,-6.14842,-1.75211,-0.49061,-0.06453,6.06541,1.0,0.0,0.0
2024-11-09T11:30:00.0,0.5165390956121068,-0.05403549784869531,-0.008858809638597406,0.1639442587056927,7.84067,-1.68433,-0.17372,0.03815,5.60679,0.0,0.0,0.0
2024-11-09T12:00:00.0,0.41852499469060844,-0.0643457442448651,-0.0008958047946702337,0.013921741137398073,11.40263,-1.53415,-0.44597,0.12301,5.63808,1.0,0.0,1.0
2024-11-09T12:30:00.0,0.29831415464344024,-0.06024795713926144,0.008340367751239548,0.1384340340695872,NaN,-1.00284,-0.15726,-0.08961,5.01803,2.0,0.0,1.0
2024-11-09T13:00:00.0,0.27127434557755326,-0.07609228554162868,0.00013549101719381983,0.0017806143714752163,-3.90564,-1.10943,NaN,0.18367,5.31949,1.0,0.0,2.0
2024-11-09T13:30:00.0,0.36321518555553023,-0.059551824164725604,-0.0015338090088942728,0.025755869453328948,NaN,-1.44266,0.33318,-0.15422,5.33827,2.0,0.0,0.0
2024-11-09T14:00:00.0,0.10405545832790108,-0.057587443134729376,0.0028895038380265725,0.05017593559877975,NaN,-1.064,0.39462,0.00908,4.95052,2.0,0.0,0.0
2024-11-09T14:30:00.0,0.0019446304184773237,-0.06084731272530784,0.0029866285193052857,0.04908398391870272,NaN,-1.18562,0.71545,0.06479,5.27508,2.0,0.0,0.0
2024-11-09T15:00:00.0,0.08273694624862653,-0.07808381848059845,-0.007822233515150103,0.10017739484773916,-12.2742,-1.3639,0.76298,0.00808,5.3026,1.0,0.0,0.0
2024-11-09T15:30:00.0,0.2709828272322388,-0.06730697563972503,-0.004828740714461862,0.07174205449831424,-11.62405,-1.50915,0.5376,-0.01403,6.04769,0.0,0.0,1.0
2024-11-09T16:00:00.0,0.31615844495328105,-0.06169626014457197,-0.0049709688289369955,0.08057163946872298,-8.83583,-1.07754,0.54793,-0.20815,5.1238,0.0,0.0,0.0
2024-11-09T16:30:00.0,0.26768809386367187,-0.06843654806299009,-0.0041020977631827035,0.05994016178909357,-3.90523,-1.28902,0.59586,0.06693,4.59657,0.0,0.0,0.0
2024-11-09T17:00:00.0,0.291900342501834,-0.04272062567942777,0.0015867350817509779,0.03714213114896101,NaN,-1.11622,0.77771,0.24145,5.1411,2.0,0.0,0.0
2024-11-09T17:30:00.0,-0.005008576627550559,-0.05520846505141832,0.0043036162698746805,0.07795210871859078,NaN,-0.83717,0.66302,-0.20751,4.0622,2.0,0.0,0.0
2024-11-09T18:00:00.0,-0.04712019426074097,-0.06276045421506922,0.001131999431757332,0.018036826627770505,NaN,-0.84946,0.53598,0.0913,4.13769,2.0,0.0,0.0
2024-11-09T18:30:00.0,0.057070939689231506,-0.058844561733091674,-0.005375589561682894,0.09135235956154451,NaN,-0.77145,0.68528,-0.16442,4.05983,2.0,0.0,0.0
2024-11-09T19:00:00.0,0.04293952283602902,-0.04275371332285934,-0.0041166885288486665,0.09628844394780502,NaN,-0.50424,0.68057,0.2597,3.21248,2.0,0.0,0.0
2024-11-09T19:30:00.0,0.02170211813923163,-0.015323546794800144,-0.007743807793416322,0.5053534861814164,-6.53848,-0.2569,0.40637,-0.04471,2.47198,0.0,0.0,0.0
2024-11-09T20:00:00.0,0.17854005794610997,-0.018350275338892563,-0.006003286063076132,0.3271496450166306,-5.71741,-0.43869,0.67773,0.00122,3.05988,1.0,0.0,0.0
2024-11-09T20:30:00.0,0.17414037571388977,-0.01525806200654811,-0.01162843464737117,0.7621174066785639,-12.69308,-0.39734,0.59047,-0.15678,3.02597,0.0,0.0,0.0
2024-11-09T21:00:00.0,-0.017472186327624133,-0.0007946298024957714,-0.011040512686628,13.893907140094651,NaN,-0.36206,0.79569,0.12355,3.19541,2.0,0.0,0.0
2024-11-09T21:30:00.0,-0.23332471534633903,0.07933427390433141,-0.024620701731319267,0.31034130041965446,-22.5005,-0.28412,0.57405,0.08656,3.05585,0.0,0.0,0.0
2024-11-09T22:00:00.0,-1.1141653116704742,0.18671463936458346,-0.028990070353193117,0.15526404598937962,-18.50624,-0.26668,0.47957,0.06082,2.97721,0.0,0.0,0.0
2024-11-09T22:30:00.0,-1.5506698752845056,0.06491451374852708,-0.02460821071423157,0.3790864214058745,-22.31252,-0.36546,0.6108,0.1448,3.51433,0.0,0.0,0.0
2024-11-09T23:00:00.0,-2.023906636791788,0.08219226155422747,-0.030383622628365144,0.3696652465064382,-18.98434,-0.33786,0.46277,-0.0429,3.42806,0.0,0.0,0.0
2024-11-09T23:30:00.0,-2.0868371795806984,0.09652011404195394,-0.03738004566640709,0.3872772637852384,-21.14469,-0.43742,0.57577,0.16037,3.59851,0.0,0.0,0.0
2024-11-10T00:00:00.0,-2.353798170382484,0.08341722126571452,-0.012911302227487827,0.1547798168241613,-23.29912,-0.52424,0.69127,0.00021,3.92663,0.0,0.0,0.0
2024-11-10T00:30:00.0,-2.559138875261684,0.048328611298602275,-0.02391257088571683,0.494791185659589,-12.84135,-0.49789,0.45811,-0.06899,4.05397,0.0,0.0,0.0
2024-11-10T01:00:00.0,-2.6295083537256847,-0.047249639147405764,-0.004333505386392853,0.09171510014867032,NaN,-0.57816,0.5095,-0.02955,4.39267,2.0,0.0,0.0
2024-11-10T01:30:00.0,-2.324688562200259,-0.10764011609773093,-0.0015612524807657219,0.014504373809372298,NaN,-0.47655,0.7868,-0.01133,4.00225,2.0,0.0,0.0
2024-11-10T02:00:00.0,-2.0664494529173427,-0.11213463813099804,0.006443705432703486,0.05746400523606108,9.4162,-0.4665,0.61102,-0.04042,3.57488,0.0,0.0,0.0
2024-11-10T02:30:00.0,-1.8513884503161415,-0.10278813661692426,0.01776588778381227,0.17283986623887374,NaN,-0.65886,0.81095,-0.09417,3.54669,2.0,0.0,0.0
2024-11-10T03:00:00.0,-1.874673519435407,-0.11804517452952416,0.01064075171224915,0.09014135270381428,NaN,-0.5089,0.64167,0.10894,3.51198,2.0,0.0,0.0
2024-11-10T03:30:00.0,-1.8723191777809407,-0.12471411127777501,0.013688467624064213,0.10975877135167142,NaN,-0.69438,0.56604,-0.07869,4.35926,2.0,0.0,0.0
2024-11-10T04:00:00.0,-1.8283568668575472,-0.09382967333912594,0.00010233287686531179,0.0010906238210534205,NaN,-0.5889,0.53684,0.12388,4.07657,2.0,0.0,0.0
2024-11-10T04:30:00.0,-1.7887205062421672,-0.0970475560898503,0.00809916728786878,0.08345565426057988,NaN,-0.55294,0.32181,-0.02713,3.94621,2.0,0.0,0.0
2024-11-10T05:00:00.0,-1.7419005447530496,-0.08377014256436269,0.00623811028891002,0.07446698904824144,NaN,-0.54123,0.58095,0.07546,4.12849,2.0,0.0,0.0
2024-11-10T05:30:00.0,-1.7476590982404476,-0.08292611352685232,0.004585007503066101,0.05529027357083881,NaN,-0.51533,0.45616,0.0725,4.33405,2.0,0.0,0.0
2024-11-10T06:00:00.0,-2.089809602126553,-0.04253818185519561,-9.136399671546141e-5,0.0021478115126423113,NaN,-0.58686,0.50975,0.09022,4.2967,2.0,0.0,0.0
2024-11-10T06:30:00.0,-2.009106651538375,-0.07826495258805534,0.009549761701522882,0.12201836691561926,NaN,-0.57657,0.62014,0.00089,4.5835,2.0,0.0,0.0
2024-11-10T07:00:00.0,-1.929035156766347,-0.08571542994857483,0.010334262071969445,0.1205647813721463,NaN,-0.65332,0.93327,0.08682,4.44947,2.0,0.0,0.0
2024-11-10T07:30:00.0,-2.1597242559835768,-0.09202838368956809,0.0161356340443329,0.17533323304646892,9.38901,-0.7546,0.82833,0.21289,4.75761,0.0,0.0,0.0
2024-11-10T08:00:00.0,-2.2592617853098056,-0.09256651945344631,0.01794453428804273,0.19385555807861418,NaN,-0.59779,0.68989,-0.05829,4.41691,2.0,0.0,0.0
2024-11-10T08:30:00.0,-2.098390534070597,-0.07845288938162374,0.000897940400366475,0.011445600123133289,-4.14606,-0.5032,0.55763,-0.0326,4.52485,1.0,0.0,0.0
2024-11-10T09:00:00.0,-1.807173992297447,-0.05002987995323467,-0.011010991970956245,0.22008831484802177,NaN,-0.65219,0.62227,-0.23394,4.55217,2.0,0.0,0.0
2024-11-10T09:30:00.0,-1.9010959344748481,-0.01256630561852622,0.008814385854773388,0.7014301674931842,6.20166,-0.57622,NaN,0.4152,4.29846,1.0,0.0,2.0
2024-11-10T10:00:00.0,-2.560685701872706,-0.01887602958547571,-0.002081206950859839,0.11025660568265046,NaN,-0.56668,NaN,-0.17121,4.45515,2.0,0.0,2.0
2024-11-10T10:30:00.0,-2.705982013945121,-0.004114643574516215,-0.007402217547240327,1.7989936219714129,-4.98776,-0.51378,NaN,-0.17896,4.45281,1.0,0.0,2.0
2024-11-10T11:00:00.0,-2.9224237694036064,-0.012109386692179104,-0.005446188242975592,0.44974930452035483,-8.58404,-0.77293,0.21874,-0.00182,4.62443,1.0,0.0,1.0
2024-11-10T11:30:00.0,-3.3397977252459294,-0.05422657385868423,0.0188038645945976,0.3467647549262642,5.31116,-0.72545,0.06175,0.27607,4.60241,0.0,0.0,1.0
2024-11-10T12:00:00.0,-3.0481550356593026,-0.06595950826139065,-0.020363086048549927,0.30872101059112117,14.87884,-0.55822,-0.26176,-0.20755,4.20932,0.0,0.0,0.0
2024-11-10T12:30:00.0,-2.9621487190770996,-0.046273671361720524,-0.016977457573114408,0.3668923833685446,20.21097,-0.70682,-0.07583,-0.05923,4.81433,0.0,0.0,1.0
2024-11-10T13:00:00.0,-2.5773941617955285,-0.049831482398225595,-0.012760231130889341,0.25606766077951776,24.10104,-0.65354,-0.27044,-0.04746,4.55101,0.0,0.0,1.0
2024-11-10T13:30:00.0,-2.254530228202913,-0.0804174461996471,0.00963003949165467,0.11975062560115134,16.11984,-0.6711,0.07204,0.02428,4.79431,0.0,0.0,1.0
2024-11-10T14:00:00.0,-2.2046516576925077,-0.0960286033552118,0.014371115667800355,0.14965453172989823,8.03289,-0.76603,0.35095,-0.01329,4.86278,0.0,0.0,0.0
2024-11-10T14:30:00.0,-2.457743830356027,-0.10515391152688351,0.02091781453990031,0.1989256912668673,5.4209,-0.7556,0.5312,0.20513,4.73532,1.0,0.0,0.0
2024-11-10T15:00:00.0,-2.7190647619111967,-0.07819446770452662,0.009592544410638504,0.12267548705473441,NaN,-0.72913,0.61245,0.05832,4.58253,2.0,0.0,0.0
2024-11-10T15:30:00.0,-2.784476607550337,-0.060432663493770813,0.0047103241277938425,0.07794334810808672,NaN,-0.76432,0.73197,-0.18772,4.90139,2.0,0.0,0.0
2024-11-10T16:00:00.0,-2.780824179705292,-0.052997259953521336,0.0014089645108156723,0.026585610502341744,NaN,-0.73971,0.47718,0.00015,4.93972,2.0,0.0,0.0
2024-11-10T16:30:00.0,-2.69651157919694,-0.019403016648650177,-0.012697789545643549,0.6544234731936337,NaN,-0.76508,0.48492,0.04246,5.59,2.0,0.0,0.0
2024-11-10T17:00:00.0,-2.7309393542669858,-0.00923461318880165,-0.006213373695085292,0.6728352956483263,-12.77431,-0.85661,0.58865,0.09528,5.67619,0.0,0.0,0.0
2024-11-10T17:30:00.0,-2.744872451822184,-0.021447969279593304,-0.012496888654580826,0.5826606934984286,-7.68994,-0.81877,0.51015,-0.20619,5.43309,0.0,0.0,0.0
2024-11-10T18:00:00.0,-2.7360985916467007,-0.04078476326674315,-0.01111263091629544,0.27247015861330104,-6.93746,-0.62156,0.64664,0.05545,4.57407,0.0,0.0,0.0
2024-11-10T18:30:00.0,-2.8479525910760857,-0.04378947115458437,0.0030735066921218587,0.07018825784106529,-10.0786,-0.79882,0.63421,0.05457,4.84242,1.0,0.0,0.0
2024-11-10T19:00:00.0,-2.910955695281582,-0.0112856381900033,-0.010223088426959646,0.9058493861707485,-16.23259,-1.09181,0.70733,-0.25727,5.50216,0.0,0.0,0.0
2024-11-10T19:30:00.0,-2.95385536747867,-0.006909166711303561,-0.002259901129945139,0.3270873644209348,-12.69369,-1.14798,0.48511,0.15613,6.57139,0.0,0.0,0.0
2024-11-10T20:00:00.0,-2.982959057228323,-0.007636295000855863,-0.01654576871127532,2.166727281937235,-16.55615,-1.47448,0.528,-0.10714,6.75844,1.0,0.0,1.0
2024-11-10T20:30:00.0,-3.0004131739002156,-0.014827572993787725,0.017421736627065653,1.1749553776848578,-7.84443,-1.39765,0.36619,0.2444,6.38869,1.0,0.0,1.0
2024-11-10T21:00:00.0,-3.293653070454653,-0.05679139092879343,0.005161527584212988,0.0908857398947078,-5.40773,-1.23605,0.48622,0.13014,6.62315,0.0,0.0,0.0
2024-11-10T21:30:00.0,-3.1159787227606577,-0.08315831138651643,0.006232907022156815,0.07495230384352705,5.62746,-1.52735,0.61445,0.05589,6.66058,1.0,0.0,0.0
2024-11-10T22:00:00.0,-2.9684437216650736,-0.09174052832961486,0.015214913396101919,0.16584723974377172,15.66665,-1.57847,NaN,-0.09067,6.73041,0.0,0.0,2.0
2024-11-10T22:30:00.0,-3.056853388614357,-0.0992210969705555,0.010327681629206241,0.10408755743016071,15.91346,-1.43231,0.58779,0.10585,6.72961,0.0,0.0,0.0
2024-11-10T23:00:00.0,-3.236261445318399,-0.09901113952073588,0.03142511880843985,0.31738972968651163,25.68988,-1.55573,0.39923,0.15471,6.49664,0.0,0.0,0.0
2024-11-10T23:30:00.0,-3.376095984980779,-0.10659538712412135,0.03005263288519888,0.28193183303706304,27.76213,-1.45959,0.51716,0.22293,6.08045,0.0,0.0,0.0
2024-11-11T00:00:00.0,-3.4527965281587116,-0.12318515977133516,0.023530824897465254,0.19101996491415688,21.24825,-1.19172,0.39174,-0.07524,6.59061,0.0,0.0,0.0
2024-11-11T00:30:00.0,-3.445205884642877,-0.12498366174695566,0.0206802098621551,0.16546330594813785,23.37946,-1.09056,0.5751,0.05715,6.02541,0.0,0.0,0.0
2024-11-11T01:00:00.0,-3.305721533641184,-0.13122509478093525,0.030706447657648007,0.23399828903845551,15.18764,-1.31713,0.73195,-0.13637,6.12818,0.0,0.0,0.0
2024-11-11T01:30:00.0,-3.0178525677545545,-0.09942395588688314,-0.01188636459872028,0.11955232008917109,17.48659,-1.39019,0.74327,0.19607,5.93212,0.0,0.0,0.0
2024-11-11T02:00:00.0,-2.8323069465499,-0.09460383189793188,-0.005442728693450477,0.057531799550388604,NaN,-1.2555,NaN,0.13109,5.94982,2.0,0.0,2.0
2024-11-11T02:30:00.0,-2.661483219526108,-0.09492285288257331,-0.0006464229949901153,0.006809982795078747,25.53001,-1.47876,0.67089,-0.20647,5.65884,0.0,0.0,0.0
2024-11-11T03:00:00.0,-2.500305792964515,-0.08401629670728902,0.0038679431044675787,0.046038009958275235,19.30614,-1.35822,0.43275,0.09902,5.34097,0.0,0.0,0.0
2024-11-11T03:30:00.0,-2.449129136263532,-0.08552311357435322,0.0022599437518200025,0.026424947097549514,13.00161,-1.02563,NaN,-0.09115,5.08969,1.0,0.0,2.0
2024-11-11T04:00:00.0,-2.4198164323786613,-0.10521096593582653,-0.004700187351634459,0.044673930229871095,21.11996,-1.09585,0.65729,-0.08486,4.69493,0.0,0.0,0.0
2024-11-11T04:30:00.0,-2.2544035412813948,-0.1044396260241003,0.006441282594156634,0.06167469991390294,14.23603,-1.08901,0.68735,0.07924,5.28068,0.0,0.0,0.0
2024-11-11T05:00:00.0,-2.1999980530687626,-0.09265084663711283,0.00967242691807027,0.10439653029782266,NaN,-1.40821,0.51797,-0.05718,6.22641,2.0,0.0,0.0
2024-11-11T05:30:00.0,-2.1347507645791755,-0.09839235592074298,0.004428496802246106,0.04500854523509275,NaN,-1.5143,0.775,0.02966,5.84875,2.0,0.0,0.0
2024-11-11T06:00:00.0,-2.051345230367328,-0.08905192677692819,0.011540063530418278,0.12958802743623632,18.2901,-1.05115,0.63033,-0.04014,5.26444,0.0,0.0,0.0
2024-11-11T06:30:00.0,-1.996680363517847,-0.09016634303495567,0.007632659822829885,0.0846508748821149,NaN,-1.21065,0.66111,0.01911,5.41128,2.0,0.0,0.0
2024-11-11T07:00:00.0,-1.9586943925029594,-0.08684710017861053,0.014637308300628803,0.16854112884052067,NaN,-0.8882,0.55216,0.27479,4.6134,2.0,0.0,0.0
2024-11-11T07:30:00.0,-2.0522308828492455,-0.09450276830470655,0.014980437306166744,0.15851850241958115,19.68243,-0.83565,0.36362,-0.31228,4.55638,0.0,0.0,0.0
2024-11-11T08:00:00.0,-2.069369009078035,-0.10841872969953227,0.00010168322596247496,0.0009378750908101964,NaN,-0.71916,0.40588,-0.03515,3.77212,2.0,0.0,0.0
2024-11-11T08:30:00.0,-2.1313405069138267,-0.1067712718474068,0.005744898493963467,0.053805657594618195,NaN,-0.86698,0.44223,-0.01898,4.68936,2.0,0.0,0.0
2024-11-11T09:00:00.0,-2.128986165259361,-0.11344020859565772,0.008792614405778372,0.07750879969833674,NaN,-0.91658,0.35928,0.0484,4.68462,2.0,0.0,0.0
2024-11-11T09:30:00.0,-2.13940436920292,-0.10177011263884231,0.009127185551976552,0.08968434165310146,NaN,-1.14134,NaN,-0.13509,4.91741,2.0,0.0,2.0
2024-11-11T10:00:00.0,-2.0510686432733283,-0.13067263753387157,0.0018807287761097673,0.014392674791019388,NaN,-0.77547,0.10457,0.10324,4.49836,2.0,0.0,0.0
2024-11-11T10:30:00.0,-1.8522475070123958,-0.13606633605655827,0.008586765622715297,0.06310720102837239,18.26605,-0.83104,0.10905,0.17115,4.51161,0.0,0.0,0.0
2024-11-11T11:00:00.0,-1.5777023552580476,-0.11072951703417692,0.013668920643332744,0.12344423609392065,17.65346,-0.83807,0.37548,-0.00592,4.8068,0.0,0.0,0.0
2024-11-11T11:30:00.0,-1.3209517089170668,-0.10837262895965982,0.006531876971942858,0.06027238643785467,11.11751,-0.80105,NaN,0.16146,4.96291,0.0,0.0,2.0
2024-11-11T12:00:00.0,-1.090468241300356,-0.11589570137145973,0.01263882870683134,0.1090534727109711,NaN,-0.93538,-0.1312,-0.17053,5.20612,2.0,0.0,1.0
2024-11-11T12:30:00.0,-1.0100383341302421,-0.11521062302312345,0.00771801341799758,0.06699046681180199,NaN,-0.90248,0.12756,0.13449,4.46531,2.0,0.0,0.0
2024-11-11T13:00:00.0,-1.0827667876712983,-0.10297527647639748,0.015144588394439898,0.1470701406459552,NaN,-0.8395,0.26911,0.3196,4.90046,2.0,0.0,0.0
2024-11-11T13:30:00.0,-1.0302369660945487,-0.10709338326956208,0.017981634086359218,0.16790611648805692,NaN,-0.70305,0.34652,-0.11153,4.14755,2.0,0.0,0.0
2024-11-11T14:00:00.0,-1.234604865276935,-0.10300843347237182,0.013335624558679149,0.12946148299843754,24.72846,-0.95034,0.28328,-0.15893,4.80727,0.0,0.0,1.0
2024-11-11T14:30:00.0,-1.5212226068372825,-0.08408089111838639,0.007778585837396944,0.09251312318330034,NaN,-1.20006,0.27778,0.15289,5.21717,2.0,0.0,1.0
2024-11-11T15:00:00.0,-1.4628448013524036,-0.11687322467950574,0.004920014012686957,0.04209701602893912,NaN,-0.61311,0.46258,0.16228,4.08598,2.0,0.0,0.0
2024-11-11T15:30:00.0,-1.7395573657233194,-0.07592538783808928,0.01451762774121952,0.1912091351074601,6.95994,-0.59251,0.49373,0.02101,3.97557,1.0,0.0,0.0
2024-11-11T16:00:00.0,-1.8087523690298437,-0.11618306452236936,-0.0017566822840923244,0.015119951357059451,NaN,-0.52818,0.66119,0.12939,3.35466,2.0,0.0,0.0
2024-11-11T16:30:00.0,-1.6623397995293114,-0.11908314544760377,0.005367481046598853,0.04507338991108971,NaN,-0.57373,NaN,0.19545,3.09159,2.0,0.0,2.0
2024-11-11T17:00:00.0,-1.4980318572956992,-0.11409001978026814,0.010157159456815635,0.08902758958564327,NaN,-0.65029,NaN,0.18305,3.80988,2.0,0.0,2.0
2024-11-11T17:30:00.0,-1.4875213833449277,-0.0923472653376796,0.01167540485873186,0.12642935138403122,NaN,-0.72344,0.61784,0.27112,4.132,2.0,0.0,1.0
2024-11-11T18:00:00.0,-1.4210908781956904,-0.11562706663283932,0.01066634751650356,0.09224784323529836,NaN,-0.49235,0.39444,0.34467,3.2732,2.0,0.0,1.0
2024-11-11T18:30:00.0,-1.5468223720867558,-0.09607095606000457,0.01578754882372962,0.16433217146156992,NaN,-0.59543,0.62807,0.16992,4.04335,2.0,0.0,1.0
2024-11-11T19:00:00.0,-1.5128560635781403,-0.11238105170337882,0.004128728970544903,0.03673865752246532,NaN,-0.592,0.6914,0.04594,3.24155,2.0,0.0,0.0
2024-11-11T19:30:00.0,-1.5318775247152137,-0.10759828032394277,0.015916207594813915,0.14792250904842985,NaN,-0.7112,0.69458,0.2892,3.5385,2.0,0.0,0.0
2024-11-11T20:00:00.0,-1.7083747015819775,-0.08456582824034471,0.01636868611277723,0.19356147102652094,NaN,-0.64957,0.60831,-0.11462,3.96003,2.0,0.0,0.0
2024-11-11T20:30:00.0,-1.6549798892941925,-0.12395249351498719,-7.033599002447602e-5,0.0005674431230056025,15.41321,-0.68518,0.6928,-0.02639,4.02033,0.0,0.0,0.0
2024-11-11T21:00:00.0,-2.015823079471271,-0.08375908245980733,0.016164966271093973,0.1929935930094614,25.77714,-0.94559,0.60809,-0.04386,4.44174,0.0,0.0,0.0
2024-11-11T21:30:00.0,-2.2220778079142773,-0.0810673273682445,0.016356659651913824,0.20176636115823174,NaN,-0.82304,0.38892,0.13254,3.96597,2.0,0.0,0.0
2024-11-11T22:00:00.0,-2.2465990576291497,-0.09653758958764977,0.010197543567645526,0.10563287949495391,NaN,-0.72417,0.64029,0.25213,3.97315,2.0,0.0,1.0
2024-11-11T22:30:00.0,-2.612898120323577,-0.07879915087138742,0.024512173234081034,0.3110715402769853,35.26785,-0.8743,0.67635,0.04748,3.95345,0.0,0.0,0.0
2024-11-11T23:00:00.0,-2.7810436851825115,-0.11690226022782155,0.0066912283992282525,0.05723780178576743,NaN,-0.62615,0.51056,0.29548,3.93322,2.0,0.0,0.0
2024-11-11T23:30:00.0,-2.6924090154720814,-0.11423484464933471,0.012953534634428778,0.11339390073310891,NaN,-0.72974,0.94394,-0.4222,4.4557,2.0,0.0,0.0
2024-11-12T00:00:00.0,-2.5443274531092905,-0.09938512946853031,0.008815850134162228,0.08870391557877592,NaN,-0.67581,0.47809,0.06381,3.77315,2.0,0.0,1.0
2024-11-12T00:30:00.0,-2.482320158756088,-0.10390854353168745,0.003964577882271319,0.03815449382237083,NaN,-0.685,0.53254,0.04114,3.95892,2.0,0.0,0.0
2024-11-12T01:00:00.0,-2.4432550584793518,-0.0958756309617926,0.0059560911806605865,0.062123097610008414,NaN,-0.72533,0.3978,0.02974,3.70875,2.0,0.0,1.0
2024-11-12T01:30:00.0,-2.4336241911780814,-0.09378754168438659,0.013625725176013478,0.14528289079019371,18.19437,-0.63912,0.75928,0.20104,3.94931,0.0,0.0,0.0
2024-11-12T02:00:00.0,-2.638469305395677,-0.06044279484176999,0.009694118757377478,0.1603850183095471,NaN,-0.63452,0.5134,-0.10303,4.30631,2.0,0.0,0.0
2024-11-12T02:30:00.0,-2.770901794058709,-0.059694480578018703,0.014042830237823937,0.23524503608789132,NaN,-0.70315,0.69682,-0.08948,4.02293,2.0,0.0,0.0
2024-11-12T03:00:00.0,-2.7767214068849504,-0.07425146039651652,0.011985859491152023,0.1614225420906918,NaN,-0.69877,0.48236,-0.09442,3.99823,2.0,0.0,0.0
2024-11-12T03:30:00.0,-2.643981966715675,-0.09709875099950321,0.005213685346011075,0.053694669522965845,NaN,-0.68057,0.70008,0.20587,3.98655,2.0,0.0,0.0
2024-11-12T04:00:00.0,-2.5474461924293252,-0.09979152344376999,0.01246368017410043,0.12489718308713264,NaN,-0.63816,0.33327,-0.19823,3.41615,2.0,0.0,1.0
2024-11-12T04:30:00.0,-2.5386783780862574,-0.10492449379351612,0.011136923094698051,0.10614226184988529,NaN,-0.39945,0.28321,0.32635,2.93806,2.0,0.0,1.0
2024-11-12T05:00:00.0,-2.575411461957998,-0.0905989601626135,0.02265672878911304,0.25007713938931664,NaN,-0.52504,0.68482,-0.2543,3.49334,2.0,0.0,0.0
2024-11-12T05:30:00.0,-2.6151690773897274,-0.08575658821617671,0.011404722202104846,0.13298945817848562,NaN,-0.60085,0.85964,-0.06733,3.91177,2.0,0.0,0.0
2024-11-12T06:00:00.0,-2.6011531848333074,-0.0923389482764801,0.008102776526273885,0.08775036620530541,NaN,-0.53392,0.66716,0.14461,3.61045,2.0,0.0,0.0
2024-11-12T06:30:00.0,-2.6083975707716447,-0.09697808855902541,0.015583638205893676,0.16069236295999734,NaN,-0.61672,NaN,-0.0301,3.20862,2.0,0.0,2.0
2024-11-12T07:00:00.0,-2.7784927118487874,-0.08515314345207299,0.018866607042648587,0.22156089931392067,NaN,-0.56084,0.55882,0.31536,3.78975,2.0,0.0,0.0
2024-11-12T07:30:00.0,-2.948328474289081,-0.08623139399013605,0.015011027847901799,0.17407845511135886,NaN,-0.52702,NaN,0.12713,3.53656,2.0,0.0,2.0
2024-11-12T08:00:00.0,-3.046853664211875,-0.1053408680506889,0.01019079741836492,0.09674115665594495,NaN,-0.48003,0.52313,-0.05847,3.18769,2.0,0.0,0.0
2024-11-12T08:30:00.0,-3.0869970057489633,-0.08263641849312277,0.020394201421063057,0.24679435281625037,NaN,-0.30569,0.31885,0.11507,2.97485,2.0,0.0,0.0
2024-11-12T09:00:00.0,-3.164874719754129,-0.09589172276621086,0.012348535477421483,0.12877582257571774,NaN,-0.35046,NaN,-0.06904,3.13665,2.0,0.0,2.0
2024-11-12T09:30:00.0,-3.3010791568209346,-0.06701318388029849,0.018138293018191663,0.2706675308934877,NaN,-0.38053,0.27968,0.03948,2.88986,2.0,0.0,0.0
2024-11-12T10:00:00.0,-3.2398626282835954,-0.1241908028971371,0.012563963542099273,0.10116661821170095,NaN,-0.3342,0.2164,-0.13651,2.80934,2.0,0.0,0.0
2024-11-12T10:30:00.0,-3.2122401219800842,-0.10685379644023862,0.019569198078750346,0.1831399419644864,NaN,-0.32783,0.34329,-0.08324,2.85028,2.0,0.0,0.0
2024-11-12T11:00:00.0,-3.260352778593216,-0.10728825324167211,0.017863352478805248,0.16649867939006482,19.05407,-0.36501,0.19518,-0.10848,3.15295,0.0,0.0,0.0
2024-11-12T11:30:00.0,-3.0817205564537224,-0.1273170147901331,0.010666424561334044,0.08377846887877768,18.33967,-0.2955,0.10037,0.20251,2.79078,0.0,0.0,0.0
2024-11-12T12:00:00.0,-3.016986294718262,-0.0993681336295167,0.0209117180415229,0.21044692375414809,NaN,-0.27714,0.34626,-0.13418,2.51111,2.0,0.0,0.0
2024-11-12T12:30:00.0,-3.007964557983671,-0.09803113392881932,0.009261123628095107,0.09447124864249387,18.20875,-0.23638,0.27395,0.02796,2.07384,0.0,0.0,1.0
2024-11-12T13:00:00.0,-3.2406500301046433,-0.06411215495490219,0.007466901253429617,0.11646623419041194,NaN,-0.26113,0.13493,0.08117,2.72094,2.0,0.0,1.0
2024-11-12T13:30:00.0,-3.30770103754078,-0.1006473793196148,0.009461960927106702,0.09401100148926277,NaN,-0.21957,0.39303,-0.01578,2.38689,2.0,0.0,0.0
2024-11-12T14:00:00.0,-3.586133596816925,-0.1346659480779201,0.01687907475403712,0.12534033283804297,29.70213,-0.32636,0.48137,0.01367,2.45243,0.0,0.0,0.0
2024-11-12T14:30:00.0,-3.715905907956112,-0.12473034660061902,0.03470835647272627,0.2782671372177043,40.26711,-0.53706,2.7354,-0.96817,3.40381,0.0,0.0,1.0
2024-11-12T15:00:00.0,-4.543371595846421,-0.1136214704514895,0.06371396407909796,0.5607563766418648,45.01425,-0.54886,0.84374,-0.82939,3.1689,0.0,0.0,0.0
2024-11-12T15:30:00.0,-4.8801807017606205,-0.11921072804062766,0.023460979539849356,0.1968025858532944,29.77917,-0.33412,0.32029,0.22017,2.89924,0.0,0.0,0.0
2024-11-12T16:00:00.0,-5.162377282095404,-0.13089288909372168,0.01885240982419945,0.14402928955675187,NaN,-0.40016,0.41849,-0.18467,3.04946,2.0,0.0,0.0
2024-11-12T16:30:00.0,-5.108772601792999,-0.13149735121052952,0.018832213192565207,0.14321363144733243,NaN,-0.46548,0.3505,0.28495,3.3547,2.0,0.0,0.0
2024-11-12T17:00:00.0,-5.054713645432106,-0.14052809441505124,0.01940627264168394,0.1380953233761735,NaN,-0.47977,0.51173,0.25166,3.16515,2.0,0.0,0.0
2024-11-12T17:30:00.0,-4.952810337552434,-0.1339154220242733,0.01344012499977978,0.10036278717281451,NaN,-0.51525,0.31748,0.05293,3.75307,2.0,0.0,1.0
2024-11-12T18:00:00.0,-4.836407257627958,-0.1054523911088954,0.02041981900116217,0.19364017056830551,NaN,-0.60403,0.71944,-0.01059,3.75791,2.0,0.0,0.0
2024-11-12T18:30:00.0,-4.782117567986352,-0.11141228822165451,0.02358108045159473,0.21165601055316466,NaN,-0.37915,0.44338,-0.08567,3.63482,2.0,0.0,0.0
2024-11-12T19:00:00.0,-4.743508478025723,-0.12889423353074392,0.02358347904988015,0.18296768136066388,NaN,-0.3086,0.39545,0.07508,3.67848,2.0,0.0,0.0
2024-11-12T19:30:00.0,-4.626978711179731,-0.12445338243981943,0.027374416153764014,0.21995718892575028,NaN,-0.4086,0.66122,0.07498,3.43258,2.0,0.0,0.0
2024-11-12T20:00:00.0,-4.56936536853918,-0.1180005840164162,0.018110122850587062,0.15347485778602238,NaN,-0.44913,0.68262,-0.01389,3.66878,2.0,0.0,1.0
2024-11-12T20:30:00.0,-4.574613446752534,-0.11655119430585884,0.020085311447015253,0.17233037865151757,19.10278,-0.44325,NaN,0.14661,4.04001,0.0,0.0,2.0
2024-11-12T21:00:00.0,-4.800654373451186,-0.09708870070001178,0.02763192374315125,0.28460493902920153,16.14172,-0.38064,0.31144,-0.30352,3.69133,0.0,0.0,0.0
2024-11-12T21:30:00.0,-5.152949045666933,-0.052355632711190495,0.03274830361354494,0.6254972372159934,NaN,-0.3903,0.54387,0.10154,3.48204,2.0,0.0,0.0
2024-11-12T22:00:00.0,-5.430643366332321,-0.0513001174185065,0.01097683911303115,0.21397298223475916,NaN,-0.4593,0.44421,-0.44061,3.8048,2.0,0.0,1.0
2024-11-12T22:30:00.0,-5.085246822477414,-0.10710996794803991,0.017971567566567873,0.16778613522959931,26.46288,-0.64008,0.60053,-0.33691,4.10555,0.0,0.0,1.0
2024-11-12T23:00:00.0,-4.8591304947756955,-0.08350539390089214,0.025926664202058053,0.3104789162820902,22.37569,-0.61911,1.2776,0.0592,4.04472,0.0,0.0,0.0
2024-11-12T23:30:00.0,-4.36203185028733,-0.09691537153609046,0.001777188629651346,0.018337530997232322,7.21951,-0.60004,0.80726,-0.17838,3.73181,1.0,0.0,0.0
2024-11-13T00:00:00.0,-4.004513976587785,-0.07977469516912739,0.024266738222104033,0.30419092383439406,27.12971,-0.95432,NaN,0.08765,5.01437,0.0,0.0,2.0
2024-11-13T00:30:00.0,-3.8369927478210895,-0.10251524109411606,0.010117049931725679,0.09868825185162008,24.52097,-1.0751,0.84696,0.18936,4.87283,1.0,0.0,1.0
2024-11-13T01:00:00.0,-3.404006078546415,-0.09488376078358503,0.004799168100330503,0.05057944647953671,6.05799,-1.19886,0.46932,-0.08553,5.46448,0.0,0.0,0.0
2024-11-13T01:30:00.0,-2.702276387612239,-0.07793279153142423,-0.0019874779494404885,0.025502460650842895,NaN,-1.07915,NaN,-0.01365,5.71369,2.0,0.0,2.0
2024-11-13T02:00:00.0,-2.6791254460515224,-0.07745418698200365,0.015348647243288502,0.19816420314184865,NaN,-1.42604,0.55088,0.21136,5.14223,2.0,0.0,1.0
2024-11-13T02:30:00.0,-2.560922690081324,-0.08132067959752241,0.007695005429873479,0.0946254442038372,NaN,-1.34478,0.71195,-0.23186,6.05529,2.0,0.0,1.0
2024-11-13T03:00:00.0,-2.5562140067723917,-0.09465855309402463,0.01379043725350349,0.1456861192438195,-3.55965,-1.98673,0.89119,0.32631,6.29546,0.0,0.0,0.0
2024-11-13T03:30:00.0,-2.5055653080768496,-0.09531038037188178,0.013048095010904549,0.13690109052123733,-2.72587,-1.70528,0.57689,0.06201,6.36441,1.0,0.0,1.0
2024-11-13T04:00:00.0,-2.488722194545709,-0.09270103655504182,0.0011340875634799292,0.012233817502208377,NaN,-1.98508,NaN,-0.36727,6.69904,2.0,0.0,2.0
2024-11-13T04:30:00.0,-2.2625998210115745,-0.08330028614529852,0.011800199016658781,0.14165856520679893,NaN,-1.45236,NaN,0.12014,5.76534,2.0,0.0,2.0
2024-11-13T05:00:00.0,-1.8537699432212715,-0.09720733598272138,-0.002671099740597115,0.02747837612864839,-15.54099,-2.24385,0.89549,-0.23973,5.98405,1.0,0.0,0.0
2024-11-13T05:30:00.0,-1.4325653376031378,-0.08318369363927243,0.0016041272220930927,0.01928415476534883,NaN,-2.16182,0.85017,-0.12699,6.18906,2.0,0.0,0.0
2024-11-13T06:00:00.0,-1.1374824626697724,-0.08394520496657602,0.006101978672811839,0.07269002053472177,NaN,NaN,NaN,-0.08727,NaN,NaN,NaN,NaN
2024-11-13T06:30:00.0,-0.8038819867056263,-0.09079094216867227,-0.010138778758845808,0.1116716989235544,-2.04903,-2.03234,0.41513,-0.08076,7.30918,1.0,0.0,0.0
2024-11-13T07:00:00.0,-0.570454442168555,-0.08860720747004995,-0.004576499254944473,0.05164928887406108,-6.65273,-1.96198,0.73918,-0.15287,6.34398,1.0,0.0,0.0
2024-11-13T07:30:00.0,-0.3822650757133484,-0.06477418359831737,-0.006115929040454553,0.09441923773800255,-7.18361,-1.98731,0.55798,0.01565,6.30505,0.0,0.0,0.0
2024-11-13T08:00:00.0,-0.34834855210120685,-0.05665604528851633,0.0077557863785444586,0.1368924770348644,-9.39397,-1.50949,0.61241,0.1482,6.05488,0.0,0.0,0.0
2024-11-13T08:30:00.0,-0.34164356106729127,-0.063905388791915,0.008345545118982544,0.13059219694534402,-13.57297,-1.4875,0.38728,-0.40799,5.62399,0.0,0.0,1.0
2024-11-13T09:00:00.0,-0.31362542488050793,-0.07458112902871768,0.039192237716321326,0.5254980479208118,-28.53425,-1.87754,0.57614,0.15241,6.20402,0.0,0.0,0.0
2024-11-13T09:30:00.0,-0.2709969949681642,-0.10573995055432597,0.04057282966305192,0.383703883445707,-24.19108,-1.93272,NaN,0.01963,6.82593,0.0,0.0,2.0
2024-11-13T10:00:00.0,-0.21680888228288064,-0.0743986494180037,0.01189651912799937,0.15990235334998615,-19.08822,-1.64588,0.44173,0.1251,6.5179,0.0,0.0,0.0
2024-11-13T10:30:00.0,-0.09956372648393465,-0.05734613609310987,0.010538022900484837,0.1837616902972296,-30.43065,-2.02324,0.32287,-0.09443,6.93632,0.0,0.0,0.0
2024-11-13T11:00:00.0,0.012636530522948488,-0.06077907046343467,0.000982131936377514,0.016159048318588137,-29.69157,-2.3086,NaN,-0.17017,7.35881,0.0,0.0,2.0
2024-11-13T11:30:00.0,0.3113743847814403,-0.08840092936778225,-0.016938891208167207,0.19161440189949622,-26.95676,-1.92186,0.56578,0.03007,7.02188,0.0,0.0,0.0
2024-11-13T12:00:00.0,0.46005962146558704,-0.05342695891481111,-0.004941636602175946,0.09249331615627514,-26.44773,-1.53641,0.35936,-0.0685,5.78294,0.0,0.0,0.0
2024-11-13T12:30:00.0,0.8780031275290895,-0.05347718110234164,-0.014952008570458485,0.27959604942235394,-18.47429,-1.64524,0.57788,0.11513,5.58432,0.0,0.0,0.0
2024-11-13T13:00:00.0,1.1465358034045154,-0.03376630309289319,-0.001199119001659681,0.03551229752220225,-9.01074,-1.60344,0.65998,-0.22232,5.8524,1.0,0.0,1.0
2024-11-13T13:30:00.0,1.2526080602356948,-0.03331669012622232,-0.004127320060582144,0.12388145535902693,-16.4323,-1.53761,0.50732,0.17484,6.151,0.0,0.0,0.0
2024-11-13T14:00:00.0,1.392108222866922,-0.03197876714732434,-0.015747481315726557,0.49243553521556405,-10.74857,-1.35342,0.62518,-0.03875,5.67769,0.0,0.0,0.0
2024-11-13T14:30:00.0,1.676493595510763,-0.04403213735690072,-0.01311358532383506,0.29781850509648033,-6.91839,-1.36811,0.54477,-0.13512,5.47444,0.0,0.0,0.0
2024-11-13T15:00:00.0,1.9423299426904197,-0.010014655303842946,-0.009194551167016814,0.9181095991879589,-16.15017,-1.3473,0.89668,-0.17883,5.42996,0.0,0.0,0.0
2024-11-13T15:30:00.0,2.004986449865414,-0.017017548151919394,-0.011656308352951332,0.6849581531306922,NaN,-1.29733,1.07719,-0.09614,5.34132,2.0,0.0,0.0
2024-11-13T16:00:00.0,1.8908388938461613,-0.02520947528517617,0.0018591430739932327,0.07374778939117616,-11.56748,-0.94841,0.98924,-0.05702,4.74042,0.0,0.0,0.0
2024-11-13T16:30:00.0,1.6313272026616232,-0.021666926217948072,0.010069300119621835,0.46473136144622135,-15.92752,-1.16109,0.66487,-0.00282,5.47057,0.0,0.0,1.0
2024-11-13T17:00:00.0,1.5361388627314703,-0.029469442853997923,0.006052222803090353,0.20537282747676,NaN,-1.08228,0.83712,-0.19191,5.04937,2.0,0.0,0.0
2024-11-13T17:30:00.0,1.4028714645567542,-0.00576716266180514,0.013690054058280639,2.373793641879976,-10.03228,-0.94806,0.49964,-0.22256,5.01549,1.0,0.0,1.0
2024-11-13T18:00:00.0,0.8265318990930937,0.03725976407629157,0.022820534911132676,0.6124712669786712,-24.95351,-1.15435,0.61285,0.20113,4.74385,0.0,0.0,0.0
2024-11-13T18:30:00.0,0.5451659577338036,0.0014236120575625147,0.017078738276595416,11.99676427708638,-12.04433,-1.34409,0.73871,0.097,5.41062,0.0,0.0,0.0
2024-11-13T19:00:00.0,0.4269990786612835,-0.04546095143375233,0.023058827033262452,0.5072227110526882,-7.47286,-1.2152,0.77402,-0.16335,5.13461,1.0,0.0,0.0
2024-11-13T19:30:00.0,0.23303190069105895,-0.05158574733112397,0.022572194851705234,0.43756649887839133,-11.39302,-1.68702,0.804,-0.07667,6.19842,0.0,0.0,0.0
2024-11-13T20:00:00.0,0.10478184744898114,-0.03240370294125152,0.02564763550915404,0.7915032289875528,-15.33043,-1.33065,0.4986,-0.06953,5.92777,0.0,0.0,1.0
2024-11-13T20:30:00.0,0.021061921093858096,-0.05844576893346389,0.027981763669344475,0.4787645740652263,NaN,-1.46003,0.65503,0.01084,5.68558,2.0,0.0,0.0
2024-11-13T21:00:00.0,-0.031076443857963314,-0.06430574059721264,0.004901434920727513,0.0762207988774795,-11.82342,-1.43497,0.72871,-0.05816,5.82091,1.0,0.0,0.0
2024-11-13T21:30:00.0,-0.07120642764168697,-0.018977923198548487,-0.014215413934227733,0.7490500296320616,2.35917,-1.1115,0.38045,-0.07043,6.0272,1.0,0.0,0.0
2024-11-13T22:00:00.0,-0.25939756939311676,-0.027407098395684167,-0.017542891822261892,0.640085702214445,NaN,-1.01595,0.48567,0.20591,5.29742,2.0,0.0,0.0
2024-11-13T22:30:00.0,-0.5313899725175164,-0.03639864931691411,-0.005582760525914502,0.1533782332774707,6.09763,-0.85952,0.59267,-0.03344,4.40504,0.0,0.0,0.0
2024-11-13T23:00:00.0,-0.701226009232056,-0.06473406470465178,-0.0074651779511471245,0.11532070456577831,NaN,-1.00613,0.48075,-0.10028,4.93891,2.0,0.0,0.0
2024-11-13T23:30:00.0,-0.8417102053635913,-0.04441139326531435,-0.01006974171627774,0.22673780253010636,NaN,-1.08303,0.57782,-0.07986,5.07502,2.0,0.0,0.0
2024-11-14T00:00:00.0,-0.961998917839705,-0.05847359002815805,-0.01913252438450921,0.3271994138772036,12.67667,-0.9474,NaN,0.17334,4.71923,1.0,0.0,2.0
2024-11-14T00:30:00.0,-1.1198624509905926,-0.07117607260326832,-0.024874565429142185,0.3494793196555211,NaN,-0.86739,0.71897,0.0038,4.55038,2.0,0.0,0.0
2024-11-14T01:00:00.0,-1.189114131282132,-0.07129179882265618,-0.012542431497631564,0.1759309163853731,NaN,-1.09196,0.7209,-0.14618,5.09109,2.0,0.0,0.0
2024-11-14T01:30:00.0,-1.2071184756764568,-0.06632693571867644,-0.026455005565498086,0.3988576477843955,NaN,-1.28347,0.66597,0.12157,5.13104,2.0,0.0,0.0
2024-11-14T02:00:00.0,-1.4798747279179354,-0.02787948766404751,-0.011745651856426316,0.4213008502151613,1.06503,-0.91466,0.50034,0.03897,5.24597,1.0,0.0,0.0
2024-11-14T02:30:00.0,-1.6836656362421103,-0.027161334033260317,-0.009174212738483305,0.33776738385710564,-5.1338,-0.95338,0.64691,-0.02332,4.69104,0.0,0.0,0.0
2024-11-14T03:00:00.0,-1.6726654139669372,0.0007878437811327068,-0.03296463740348847,41.84159117952827,-16.84671,-0.94227,0.56511,0.09147,4.81651,0.0,0.0,0.0
2024-11-14T03:30:00.0,-1.4422085907977715,0.009730040239311262,-0.06116198644422804,6.285892446479478,-24.50333,-1.1461,0.76828,-0.1185,5.54276,0.0,0.0,0.0
2024-11-14T04:00:00.0,-1.4537218639672271,0.012446727935882649,-0.031511556559236424,2.531714095589076,-10.99157,-0.78509,0.45076,-0.06493,4.98098,0.0,0.0,0.0
2024-11-14T04:30:00.0,-1.7241559142627063,0.04010735349914924,-0.02585726670150748,0.6447013937744849,-10.30944,-0.6567,0.28995,0.13654,4.99096,1.0,0.0,1.0
2024-11-14T05:00:00.0,-2.0026979520032158,0.0013934494533684937,-0.017772182699885054,12.754092125066306,-18.52592,-0.80141,0.40006,0.19632,4.59175,0.0,0.0,0.0
2024-11-14T05:30:00.0,-2.105058398961247,0.025245397443793158,-0.021734389795538163,0.8609248416044164,-27.03261,-0.85829,0.69772,-0.15303,5.38445,0.0,0.0,0.0
2024-11-14T06:00:00.0,-2.2062360015193567,0.018240588686772908,-0.02036255352320052,1.1163320369131697,-20.18325,-0.92112,0.53501,-0.00241,5.42365,0.0,0.0,0.0
2024-11-14T06:30:00.0,-2.335547636113125,-0.015071849607171482,-0.0036666587484418403,0.24327861835200187,-20.18304,-1.02655,0.70177,-0.02556,5.67909,0.0,0.0,0.0
2024-11-14T07:00:00.0,-2.509497608272743,-0.007639373077389092,-0.010894169613516773,1.4260554502516942,-25.98623,-1.00753,0.91867,-0.1135,5.72637,0.0,0.0,0.0
2024-11-14T07:30:00.0,-2.60282603004079,0.035866485695665154,-0.008628341186382773,0.2405683472753953,-30.05155,-0.94901,0.81783,-0.06354,5.66144,0.0,0.0,0.0
2024-11-14T08:00:00.0,-2.626114821147759,0.07392375244522226,-0.017543907941118923,0.23732436951329028,-35.5334,-0.88118,0.78419,-0.03027,5.57927,0.0,0.0,0.0
2024-11-14T08:30:00.0,-2.7357030921209473,0.02384341545558239,-0.013473707716048581,0.5650913452876996,-22.6423,-0.98022,0.56089,0.08678,5.55996,0.0,0.0,0.0
2024-11-14T09:00:00.0,-2.8836676702035833,0.006169186041873437,-0.003924958183921696,0.6362197796080369,-17.81412,-1.05769,0.46766,-0.17138,6.01997,0.0,0.0,0.0
2024-11-14T09:30:00.0,-3.1217542104309626,-0.026339602387402752,0.005127429189604683,0.19466615760520897,-6.67229,-0.93587,NaN,0.12981,5.78626,0.0,0.0,2.0
2024-11-14T10:00:00.0,-2.8363632621377106,-0.04459021184812105,0.001551778684142869,0.034800881624612826,-15.29736,-1.08356,0.3045,-0.06075,5.68823,1.0,0.0,0.0
2024-11-14T10:30:00.0,-2.617610023710597,-0.05829604000510029,-0.0053849501550364085,0.09237248627119925,-7.99785,-0.97652,0.18952,-0.04927,5.5214,0.0,0.0,0.0
2024-11-14T11:00:00.0,-2.4893450392172056,-0.04464268353993219,0.006163175673478501,0.13805567194377183,-2.52974,-0.94516,0.24666,0.07854,4.9506,1.0,0.0,0.0
2024-11-14T11:30:00.0,-2.3742982790678258,-0.05272358803668273,-0.0020025995049727905,0.03798298976881981,NaN,-0.99245,0.1885,0.02636,5.09786,2.0,0.0,0.0
2024-11-14T12:00:00.0,-2.370348626498056,-0.04921402017740227,-0.008756818233313639,0.17793340600397708,-1.55656,-0.76802,0.09353,-0.12543,5.66235,1.0,0.0,0.0
2024-11-14T12:30:00.0,-2.2854153933452834,-0.0484456766286858,0.002352960239219734,0.048569044813928604,-4.88401,-0.89918,0.05906,-0.09345,5.54451,0.0,0.0,1.0
2024-11-14T13:00:00.0,-2.1904142752671585,0.019467815741876504,-0.004420615422633741,0.22707300506880784,-17.47143,-1.03645,0.12276,0.07989,5.38589,0.0,0.0,1.0
2024-11-14T13:30:00.0,-2.413174875440226,0.05871428568201592,-0.02579975447879641,0.439411877009326,-18.56684,-0.78625,0.15915,0.12707,5.00189,0.0,0.0,0.0
2024-11-14T14:00:00.0,-2.7132804863727924,0.03704873579908473,-0.015819237204076037,0.42698453436748157,-17.03975,-0.83295,0.15154,-0.21266,4.95327,0.0,0.0,1.0
2024-11-14T14:30:00.0,-2.8990138538378085,0.04084978277857823,-0.01947798417267582,0.4768197735164002,-25.31712,-0.73352,0.29208,0.27075,4.96525,0.0,0.0,0.0
2024-11-14T15:00:00.0,-3.171219822824375,0.04941485829495219,-0.016097890654642,0.32577024826329265,-24.38033,-0.81063,0.49185,-0.25098,4.91083,0.0,0.0,0.0
2024-11-14T15:30:00.0,-3.2893389199320144,0.06691214166710557,-0.02047714573090297,0.306030343981198,-26.73523,-0.95574,0.44997,0.13586,5.21079,0.0,0.0,0.0
2024-11-14T16:00:00.0,-3.414664574495326,0.05481124493871728,-0.01702933745538136,0.3106905795411384,-27.16084,-1.04002,0.53141,0.19305,5.49653,0.0,0.0,0.0
2024-11-14T16:30:00.0,-3.45372328948664,0.0135112108730793,-0.0051817302753761245,0.3835133892921894,-16.80262,-0.70554,0.43434,-0.08825,5.18724,0.0,0.0,0.0
2024-11-14T17:00:00.0,-3.4669653318702194,-0.01826140385106697,-0.005572772335116911,0.30516669915228384,-18.59077,-0.7649,0.60964,-0.10923,4.74976,0.0,0.0,0.0
2024-11-14T17:30:00.0,-3.148866371817949,0.0495696772447727,-0.024452048825215462,0.49328642396585337,-25.0924,-0.65347,0.48267,-0.00368,4.45731,0.0,0.0,0.0
2024-11-14T18:00:00.0,-3.1007358930204147,0.02948048592561391,-0.016112046056885102,0.5465325808244655,-27.78964,-0.90005,0.64913,-0.02983,4.50254,0.0,0.0,0.0
2024-11-14T18:30:00.0,-3.1286349864179264,0.053764190225658995,-0.013457945839227752,0.2503143036794952,-29.50826,-0.95393,0.76538,-0.11144,5.28594,0.0,0.0,0.0
2024-11-14T19:00:00.0,-3.1506373373287824,0.019604696330877934,-0.006443195613013205,0.32865572127556986,-17.84467,-1.17403,0.48184,0.02162,5.69656,0.0,0.0,1.0
2024-11-14T19:30:00.0,-3.1840358798510864,0.004572069173743056,-0.010607584443186836,2.3200839795043238,-9.54834,-1.07883,0.51986,0.10142,5.28681,0.0,0.0,0.0
2024-11-14T20:00:00.0,-3.4165455670190124,-0.03436340096200326,0.005593809470542026,0.1627839304010475,NaN,-0.73317,0.51974,-0.09657,4.64804,2.0,0.0,0.0
2024-11-14T20:30:00.0,-3.6109137417989166,-0.036398222244946626,0.0008109157320208012,0.022278992819034872,-4.2383,-0.88501,0.4003,-0.0787,4.89157,0.0,0.0,0.0
2024-11-14T21:00:00.0,-3.61502795151824,-0.02788749517710153,-0.002561015938306873,0.09183384603181313,NaN,-0.80919,0.49551,0.08264,4.97899,2.0,0.0,0.0
2024-11-14T21:30:00.0,-3.5970360382417543,0.014618586852065954,-0.005198577166523224,0.35561420670347094,-7.94051,-0.95109,0.43871,-0.08769,5.10339,0.0,0.0,0.0
2024-11-14T22:00:00.0,-3.39957549229211,-0.028519072119941122,-0.011482116643895647,0.4026118590256348,-13.35145,-1.07006,0.57902,0.28503,5.72802,0.0,0.0,0.0
2024-11-14T22:30:00.0,-3.2765840661608707,-0.023544168333395822,0.0018043767267701429,0.07663794707969174,-7.57423,-0.96133,0.4657,-0.20894,5.37116,0.0,0.0,0.0
2024-11-14T23:00:00.0,-3.639462048018219,-0.009635039159982355,0.0010755008837219132,0.11162392449724956,-8.59836,-0.81917,0.24007,-0.05111,4.90796,0.0,0.0,1.0
2024-11-14T23:30:00.0,-3.55817363961685,-0.004587255397916036,-0.024674959793454323,5.379024635223932,-16.29551,-1.04905,0.57817,0.07179,5.26112,0.0,0.0,0.0
2024-11-15T00:00:00.0,-3.52190994071303,-0.014681502174323522,-0.0027064580084876755,0.18434476093468144,-11.30542,-1.0608,0.40721,-0.09729,5.59001,0.0,0.0,1.0
2024-11-15T00:30:00.0,-3.67215663848655,-0.024799477458298417,-0.001033357967841509,0.041668537959283734,-17.54796,-1.31442,0.60613,-0.04925,5.84017,0.0,0.0,0.0
2024-11-15T01:00:00.0,-3.8006130412507573,-0.021283183813089874,0.017081005390439875,0.8025587496892491,-1.08858,-1.14579,0.34891,0.01504,5.54292,1.0,0.0,0.0
2024-11-15T01:30:00.0,-4.032560209582212,0.0013894165038027264,-0.0008005278814486578,0.5761612009485092,-15.06036,-1.06735,0.37561,0.06863,5.84675,0.0,0.0,0.0
2024-11-15T02:00:00.0,-4.145715854733273,0.010508903555585253,-0.015195111970432464,1.4459274357272593,-21.00397,-1.13413,0.45551,-0.05318,5.5892,0.0,0.0,0.0
2024-11-15T02:30:00.0,-4.038769382319152,0.0036658846748832503,-0.014358723495093163,3.9168508473470878,-16.5519,-1.04214,0.46791,-0.09926,5.56914,0.0,0.0,0.0
2024-11-15T03:00:00.0,-3.893944957371138,0.002130747480075325,-0.0024816959783994447,1.1647067527268473,-17.33894,-0.99637,0.39078,0.20541,5.06138,0.0,0.0,0.0
2024-11-15T03:30:00.0,-4.001894406000335,0.025410736924242283,-0.016416881370556455,0.6460608135647756,-22.33324,-1.1449,0.47208,-0.05254,5.6908,0.0,0.0,0.0
2024-11-15T04:00:00.0,-3.933185503147918,0.0478889861615053,-0.011340719904477088,0.23681269564217924,-20.62695,-0.69754,0.37347,0.20419,4.90338,0.0,0.0,0.0
2024-11-15T04:30:00.0,-3.927804757359388,0.054534055697103394,-0.026894918010935093,0.4931765603555437,-19.55107,-0.72258,0.44627,-0.15376,4.92438,0.0,0.0,0.0
2024-11-15T05:00:00.0,-3.855990262203379,0.03375861150103873,-0.010027263518108212,0.29702831580616634,-19.6816,-0.93742,0.45503,-0.01922,5.3482,0.0,0.0,0.0
2024-11-15T05:30:00.0,-3.9877629891471345,0.009319888514010364,-0.017675782403391307,1.8965658630808437,-14.77819,-0.71021,0.38823,0.0286,4.68166,0.0,0.0,0.0
2024-11-15T06:00:00.0,-3.97169571018054,-0.007889571767791065,-0.015689280589053212,1.9886099082214095,-15.73371,-0.92491,0.48584,0.19277,5.35692,0.0,0.0,0.0
2024-11-15T06:30:00.0,-3.944533210455087,0.009989716622605605,-0.010490429666164869,1.0501228475716926,-16.68127,-0.86307,0.46715,-0.05261,5.45844,0.0,0.0,0.0
2024-11-15T07:00:00.0,-3.960874525035595,0.03452413654405643,-0.02193511170447867,0.6353558379798192,-21.43222,-0.87362,0.5493,0.02661,5.44143,0.0,0.0,0.0
2024-11-15T07:30:00.0,-3.7713088045938155,0.05914499444836981,-0.03194053578076094,0.540037852377232,-18.12606,-0.84415,0.49407,-0.00678,5.32394,0.0,0.0,0.0
2024-11-15T08:00:00.0,-3.658899228120802,0.039979933536529795,-0.02113127773467182,0.5285470951412189,-11.25364,-0.84575,NaN,-0.05205,5.19321,1.0,0.0,2.0
2024-11-15T08:30:00.0,-3.895488498998261,0.025697787802460275,-0.028417818136618467,1.1058468672504869,-18.61578,-0.78272,0.3377,-0.05087,5.17438,0.0,0.0,0.0
2024-11-15T09:00:00.0,-3.945055187806871,0.04296134528242111,-0.020015025168648247,0.46588450703935425,-18.24382,-0.70282,0.39461,0.18466,4.87519,0.0,0.0,0.0
2024-11-15T09:30:00.0,-3.825907704407616,0.0017729241675973628,-0.02049765127079257,11.561493517554474,-14.01054,-0.72258,0.2709,-0.16218,4.36045,0.0,0.0,0.0
2024-11-15T10:00:00.0,-3.7112298665382104,0.04822034273640046,-0.03395817567327078,0.7042292473719086,-10.41582,-0.63397,0.20759,0.02726,4.70154,0.0,0.0,0.0
2024-11-15T10:30:00.0,-3.3049765567327944,0.06405758559770082,-0.027893136021092266,0.43543845371052226,-20.81461,-0.85523,0.36611,0.03653,5.24636,0.0,0.0,0.0
2024-11-15T11:00:00.0,-3.396940860095825,0.016860835412442023,-0.011339634890150854,0.6725428849025511,-8.25447,-0.74664,0.16131,0.11988,5.2863,0.0,0.0,0.0
2024-11-15T11:30:00.0,-3.3693272392112124,-0.012841382623103342,-0.016246952021776,1.2652027043058112,-6.11184,-0.73305,0.31931,-0.05661,4.86785,0.0,0.0,0.0
2024-11-15T12:00:00.0,-3.3739146677037932,-0.001127998322314288,-0.01908721166940044,16.921312108195032,-5.35304,-0.8633,0.25225,0.03452,5.18936,0.0,0.0,1.0
2024-11-15T12:30:00.0,-3.2891634744319713,0.013120990415780864,-0.01360963510321465,1.037241448392957,-13.23165,-0.96907,0.26283,-0.08473,5.14393,0.0,0.0,1.0
2024-11-15T13:00:00.0,-3.257981084564874,-0.022776614836149563,-0.009785414962142247,0.42962551865308235,-11.83772,-0.71489,0.27118,0.00861,4.78398,0.0,0.0,1.0
2024-11-15T13:30:00.0,-2.9174749244468443,-0.07083124453814055,-0.0033902145778773344,0.04786326429788768,5.85082,-0.79481,0.43164,-0.36944,4.47823,1.0,0.0,0.0
2024-11-15T14:00:00.0,-2.5222267211800453,-0.09233707151976224,0.019466198703970778,0.21081672164364199,10.91708,-0.98978,0.34453,0.18402,4.98933,0.0,0.0,0.0
2024-11-15T14:30:00.0,-2.2612151301545915,-0.08998755731962357,0.01919307993319144,0.2132859309095393,NaN,-0.76278,0.36265,0.01376,4.34799,2.0,0.0,0.0
2024-11-15T15:00:00.0,-2.25937126377417,-0.09726185474092192,0.018612504462734672,0.19136489338305465,NaN,-0.57619,0.25785,0.10411,4.07003,2.0,0.0,0.0
2024-11-15T15:30:00.0,-2.2960705854974592,-0.09922023068391725,0.012463743766151428,0.12561696017273719,NaN,-0.51422,NaN,0.01154,3.96234,2.0,0.0,2.0
2024-11-15T16:00:00.0,-2.2031772621405477,-0.10328890741030669,0.012442114512345913,0.12045934867836908,NaN,-0.40925,0.40107,0.06643,3.43673,2.0,0.0,0.0
2024-11-15T16:30:00.0,-2.1599317760133268,-0.08867558088936871,0.010266611083707666,0.11577720699136156,NaN,-0.40085,0.53843,-0.03036,3.062,2.0,0.0,0.0
2024-11-15T17:00:00.0,-2.0695332267745825,-0.11546173263074526,0.0011036384880002378,0.009558478492001771,NaN,-0.28271,0.407,0.21815,2.5477,2.0,0.0,0.0
2024-11-15T17:30:00.0,-2.1059260989012434,-0.09337001762060426,0.014542676009036732,0.15575316766168792,15.16389,-0.42823,0.51126,-0.12702,3.50126,0.0,0.0,0.0
2024-11-15T18:00:00.0,-2.2722418509375792,-0.07087468394818032,0.009362366561800551,0.13209747176644626,NaN,-0.53947,0.62394,0.12083,3.39866,2.0,0.0,0.0
2024-11-15T18:30:00.0,-2.325827927978217,-0.04598330011826431,-0.0028714705707271002,0.06244594370873716,9.39598,-0.52006,0.45972,-0.08765,3.60529,0.0,0.0,0.0
2024-11-15T19:00:00.0,-2.621262242460158,0.007846184012338709,-0.01715801973779349,2.186798029565866,-0.20298,-0.26361,0.34607,0.10035,2.80901,0.0,0.0,0.0
2024-11-15T19:30:00.0,-2.907873389639599,0.06708423242827004,-0.0239503671804169,0.3570193220295974,-1.65504,-0.19499,0.33791,-0.00052,2.74962,0.0,0.0,0.0
2024-11-15T20:00:00.0,-2.847242384094211,0.01545252162451866,-0.007234377711314951,0.4681681014337554,-4.73499,-0.23306,0.37662,-0.08985,2.80277,0.0,0.0,0.0
2024-11-15T20:30:00.0,-2.5822458355831874,-0.0006723946989082438,-0.012121506534370129,18.027367785694356,-4.80344,-0.20579,0.28493,-0.10437,2.96333,1.0,0.0,0.0
2024-11-15T21:00:00.0,-2.328259334114336,-0.012634648064702632,0.004878401685793019,0.3861129855624385,NaN,-0.26833,0.4511,0.00996,3.02835,2.0,0.0,0.0
2024-11-15T21:30:00.0,-2.3718221581886767,-0.009527209214578104,-0.009275253332208315,0.9735540726885417,NaN,-0.14669,0.22378,-0.16154,2.35344,2.0,0.0,0.0
2024-11-15T22:00:00.0,-2.3200017859498283,0.05520464847019267,-0.01515107597561694,0.2744529019833837,-1.00312,-0.1021,0.19628,0.24467,1.79293,1.0,0.0,0.0
2024-11-15T22:30:00.0,-2.331239466244144,0.076515043918118,-0.018915079451025527,0.24720732659145248,NaN,-0.04852,0.27019,-0.06077,1.54375,2.0,0.0,1.0
2024-11-15T23:00:00.0,-2.3456739358924388,0.21367041686538446,-0.05384525795538019,0.25200146442969457,1.59206,-0.04208,NaN,0.03079,1.22317,1.0,0.0,2.0
2024-11-15T23:30:00.0,-2.234633785172361,0.06495634549155478,-0.03927009696824564,0.6045613661155136,0.31005,-0.06379,0.30491,0.02322,1.85268,1.0,0.0,1.0
2024-11-16T00:00:00.0,-2.078444412087986,-0.006099262578549845,-0.005435602727348417,0.8911901491935409,-1.30762,-0.09784,0.35362,0.09357,2.09533,1.0,0.0,0.0
2024-11-16T00:30:00.0,-1.8406346680500918,-0.005547390950018185,0.010245773853168867,1.8469536301809195,-2.70925,-0.05996,0.30744,0.00035,1.82216,0.0,0.0,0.0
2024-11-16T01:00:00.0,-1.6557153858692681,0.027239158574153453,-0.00011003192753598623,0.004039476007911372,-0.18064,-0.02614,NaN,-0.0943,1.07728,1.0,0.0,2.0
2024-11-16T01:30:00.0,-1.6856271726261807,0.15592334254204843,0.004651042787575967,0.029829034650932416,NaN,-0.00221,0.03825,-0.10719,0.82111,2.0,0.0,0.0
2024-11-16T02:00:00.0,-1.2684992856747048,0.08326066204384158,0.02363129346058246,0.28382303095475275,1.03618,-0.00603,0.03558,-0.37453,1.20113,0.0,0.0,1.0
2024-11-16T02:30:00.0,-1.5913242165039727,0.03552379786697822,-0.004457556178750109,0.12548084513490912,NaN,-0.01091,0.21887,0.54377,1.07582,2.0,0.0,1.0
2024-11-16T03:00:00.0,-1.9954645237800008,-0.002751956896010813,0.006922721390333881,2.515563161751891,3.74002,-0.06658,0.30774,0.63321,1.49655,1.0,0.0,1.0
2024-11-16T03:30:00.0,-2.752262667825729,-0.05150894348917135,-0.007483407405399273,0.14528365170162147,NaN,-0.06455,1.86199,1.03659,1.52755,2.0,0.0,1.0
2024-11-16T04:00:00.0,-3.84924300075448,-0.13923565984048591,0.018427387953272194,0.13234675638685783,5.57736,-0.03506,0.35525,0.16584,2.2669,0.0,0.0,0.0
2024-11-16T04:30:00.0,-4.01407289619972,-0.1082326319147244,0.013742332416598979,0.12697032469307823,2.46381,-0.04032,0.59717,0.01239,2.45671,0.0,0.0,0.0
2024-11-16T05:00:00.0,-4.092929140820995,-0.01853711047331387,0.012722168098490626,0.6863080476757978,-3.27409,-0.03645,0.82851,-0.124,2.9222,1.0,0.0,0.0
2024-11-16T05:30:00.0,-4.521561164454272,-0.05280613735147569,0.015399361672167934,0.2916206798022426,NaN,-0.03874,0.40784,-0.09359,2.77568,2.0,0.0,0.0
2024-11-16T06:00:00.0,-4.583722127606535,-0.07803328468539175,0.006865843754410065,0.08798609185927793,NaN,-0.04253,0.20477,0.15972,2.93308,2.0,0.0,0.0
2024-11-16T06:30:00.0,-4.546939695569175,-0.11695844768511104,0.0049280311003462715,0.0421348880554065,4.33726,-0.06848,0.40714,-0.10435,2.67267,0.0,0.0,0.0
2024-11-16T07:00:00.0,-4.3472515600653425,-0.09642240087290255,-0.008220302997933155,0.08525304206818704,2.42069,-0.12869,0.83196,-0.0023,3.3018,0.0,0.0,0.0
2024-11-16T07:30:00.0,-4.252275025902642,-0.08491246928605835,0.00765040771690778,0.09009757673086406,9.57373,-0.23677,0.63167,0.11542,3.87147,1.0,0.0,1.0
2024-11-16T08:00:00.0,-4.459943978560257,-0.09501043312440403,0.0029931880923331823,0.03150378325729748,8.35171,-0.24936,0.7429,0.37836,4.05034,1.0,0.0,0.0
2024-11-16T08:30:00.0,-4.3476149609212325,-0.10758770621082246,0.0027715045107846,0.02576042011113914,NaN,-0.26293,0.90353,0.09868,4.16108,2.0,0.0,0.0
2024-11-16T09:00:00.0,-3.9561683746668597,-0.09150184553488644,-0.00168583481562843,0.01842405260542729,4.53798,-0.27927,1.13761,-0.26167,3.99276,1.0,0.0,0.0
2024-11-16T09:30:00.0,-3.860215637071141,-0.07662399817534561,-0.004364303450850867,0.05695739656998369,1.90862,-0.28456,1.39415,0.24113,3.89133,1.0,0.0,0.0
2024-11-16T10:00:00.0,-4.463515168665303,-0.14716022020675235,0.03958170065836206,0.26897011028355255,12.64475,-0.21681,0.61232,0.01084,3.90005,0.0,0.0,0.0
2024-11-16T10:30:00.0,-4.219018166731929,-0.03237260045149683,-0.012721280471604824,0.39296442961586747,-6.12762,-0.27251,1.465,-0.26081,4.60823,0.0,0.0,0.0
2024-11-16T11:00:00.0,-4.203622909206329,-0.11890999140669442,0.014386900327015749,0.12098983573053888,6.49963,-0.30081,0.79082,0.02604,4.55444,1.0,0.0,0.0
2024-11-16T11:30:00.0,-4.098939613768325,-0.11297313230289117,0.0062217112074162105,0.05507248564849243,NaN,-0.35587,0.70156,-0.37207,4.4738,2.0,0.0,0.0
2024-11-16T12:00:00.0,-4.177408241832005,-0.14762982537544603,0.030382342336666274,0.20580084179737507,22.07736,-0.42322,0.54427,0.11161,4.4086,0.0,0.0,0.0
2024-11-16T12:30:00.0,-3.752999906382417,-0.10954540671691589,0.025001187267353574,0.22822670540592294,4.43823,-0.44253,0.81449,-0.32771,4.72872,1.0,0.0,0.0
2024-11-16T13:00:00.0,-4.049952741572255,-0.11983130734882985,0.011692146341622096,0.0975717164429006,14.91598,-0.38863,0.34031,-0.22645,4.74394,0.0,0.0,1.0
2024-11-16T13:30:00.0,-3.970657146543535,-0.10078012609997727,0.013275888543611166,0.1317312158395301,NaN,-0.47938,0.61041,-0.06002,4.9403,2.0,0.0,0.0
2024-11-16T14:00:00.0,-3.7462608789258063,-0.10582149494453753,0.005949217847278689,0.05621937065240624,13.03802,-0.63695,0.37893,-0.26695,5.71256,0.0,0.0,1.0
2024-11-16T14:30:00.0,-3.585980267470868,-0.08585208882250775,0.019135759262979446,0.22289218032354555,20.70803,-0.73181,0.62962,-0.03327,6.01191,0.0,0.0,0.0
2024-11-16T15:00:00.0,-3.501007565790233,-0.0965081806267547,0.004159880501496543,0.043103915901024775,17.34698,-0.74997,0.53536,0.08351,6.01542,0.0,0.0,0.0
2024-11-16T15:30:00.0,-3.511838203442451,-0.09349158343066169,0.007403153400740219,0.07918523923846887,NaN,-0.6732,0.52103,-0.21948,5.59392,2.0,0.0,0.0
2024-11-16T16:00:00.0,-3.3981914541779767,-0.08335653059415046,0.012142630696438826,0.14567101833399643,14.66434,-0.54486,NaN,0.2529,5.064,0.0,0.0,2.0
2024-11-16T16:30:00.0,-3.34345935382272,-0.08661337909975789,0.008693785258620594,0.10037462282365678,10.38765,-0.48844,NaN,-0.01809,4.6669,0.0,0.0,NaN
2024-11-16T17:00:00.0,-3.334647962872205,-0.0748849903312419,0.01226484463236706,0.16378241591693427,11.51144,-0.44919,NaN,0.1597,4.94625,0.0,0.0,NaN
2024-11-16T17:30:00.0,-3.4542155948913944,-0.10840784601444828,0.024651566480739025,0.22739651590765428,16.91358,-0.37357,NaN,-0.0334,4.52745,0.0,0.0,NaN
2024-11-16T18:00:00.0,-3.8149788948324934,-0.1019327365321978,0.00899860382572253,0.08827982188901712,NaN,-0.33994,NaN,-0.09515,4.39559,2.0,0.0,NaN
2024-11-16T18:30:00.0,-3.9748260954950405,-0.09461706667586965,0.010237941960629125,0.10820396700419085,NaN,-0.2723,NaN,-0.02896,4.29423,2.0,0.0,NaN
2024-11-16T19:00:00.0,-4.067762405872306,-0.10224040700968831,0.004887480276451258,0.0478038030109575,20.77532,-0.29153,NaN,0.00227,3.6146,0.0,0.0,NaN
2024-11-16T19:30:00.0,-4.085315517289837,-0.09051411604794275,0.012034942927577126,0.13296205556714003,NaN,-0.17816,NaN,-0.02196,3.5846,2.0,0.0,NaN
2024-11-16T20:00:00.0,-4.106524550904747,-0.10631515610633624,0.0006552353997083237,0.006163141961179631,NaN,-0.15816,NaN,0.11595,3.31404,2.0,0.0,NaN
2024-11-16T20:30:00.0,-4.108702898510682,-0.09892304091006013,0.0005287065765526365,0.0053446251923586876,NaN,-0.10806,NaN,-0.08982,3.00929,2.0,0.0,NaN
2024-11-16T21:00:00.0,-4.075716789697034,-0.09254391251364788,0.007601797159772098,0.08214259537223505,8.18891,-0.07865,NaN,0.01433,2.84225,0.0,0.0,NaN
2024-11-16T21:30:00.0,-4.132972437861107,-0.0926908798200669,0.014291373797250113,0.15418317125690004,NaN,-0.0437,NaN,0.03262,2.55802,2.0,0.0,NaN
2024-11-16T22:00:00.0,-4.1230821919229905,-0.10350598618767565,0.01482245976110076,0.14320388904101525,NaN,-0.02512,NaN,0.02511,1.79304,2.0,1.0,NaN
2024-11-16T22:30:00.0,-4.048457684249413,-0.08637221139466815,0.025598839205140493,0.2963781845085506,NaN,NaN,NaN,0.27044,NaN,2.0,NaN,NaN
2024-11-16T23:00:00.0,-3.8374545488969765,0.09707762741122869,0.10138103080731098,1.0443295073318255,69.38548,-0.06319,NaN,-0.34855,0.4683,1.0,1.0,NaN
2024-11-16T23:30:00.0,-2.5660989994424335,0.9226541420615724,-0.32747855795093844,0.3549310007097811,-12.25747,-0.10597,NaN,0.51966,1.50094,0.0,0.0,NaN
2024-11-17T00:00:00.0,-2.5794133990397516,0.7994533573512126,-0.3167224644321847,0.3961737874008871,-5.12797,-0.09509,NaN,0.11634,1.27647,1.0,0.0,NaN
2024-11-17T00:30:00.0,-2.6031445652358354,0.32148928909242774,-0.2109633861781728,0.6562065777486015,4.75711,-0.07887,NaN,0.03223,1.55439,0.0,0.0,NaN
2024-11-17T01:00:00.0,-2.318995910569779,-0.09631812130445472,0.005657636932919089,0.05873907065769796,4.22618,-0.27925,NaN,-0.3711,2.69094,0.0,0.0,NaN
2024-11-17T01:30:00.0,-2.1919341907796697,-0.09765200584567736,0.006290139860057146,0.06441383160114149,4.24617,-0.39563,1.70407,-0.87625,3.01018,0.0,0.0,0.0
2024-11-17T02:00:00.0,-1.8685549476268186,-0.07347289142529723,0.01063972196690902,0.1448115319883231,13.72631,-0.56118,0.49394,-0.37165,3.72052,0.0,0.0,0.0
2024-11-17T02:30:00.0,-2.090300238452449,-0.08419563706801149,0.018035523948529007,0.2142097212704773,15.31709,-0.44897,0.30069,0.12359,3.06635,0.0,0.0,0.0
2024-11-17T03:00:00.0,-2.5109776039867504,-0.10090399359253749,0.0160252388693706,0.15881669593854184,21.47526,-0.57221,0.53882,-0.0566,3.27079,0.0,0.0,0.0
2024-11-17T03:30:00.0,-2.7639488612869254,-0.09259049310158307,0.01469900425676907,0.15875284561496467,24.82753,-0.72805,0.39844,-0.12559,3.96756,0.0,0.0,0.0
2024-11-17T04:00:00.0,-3.028691147953419,-0.08905890458605127,0.02039040140650537,0.22895410067393743,18.37171,-0.44368,0.32114,0.02715,3.54541,0.0,0.0,0.0
2024-11-17T04:30:00.0,-3.2999134228926823,-0.08309112562957433,0.026867114284108012,0.32334517170802773,24.06062,-0.54835,0.31545,0.1745,3.36752,0.0,0.0,0.0
2024-11-17T05:00:00.0,-3.435975739877041,-0.09154843300544657,0.022080420531029706,0.24118840493660942,NaN,-0.55639,0.32352,-0.03388,3.58352,2.0,0.0,0.0
2024-11-17T05:30:00.0,-3.5648526806914393,-0.09891429277970369,0.012302743041532775,0.12437780927102969,28.00825,-0.5778,0.20587,-0.07493,3.53609,0.0,0.0,0.0
2024-11-17T06:00:00.0,-3.8313548354227907,-0.09354091394457778,0.017669924432756275,0.18890048950372199,NaN,-0.57115,NaN,0.14077,3.58166,2.0,0.0,2.0
2024-11-17T06:30:00.0,-3.931257565041288,-0.09286503130505991,0.015974506135612708,0.1720185295920135,NaN,-0.36732,0.35616,0.03691,2.7618,2.0,0.0,0.0
2024-11-17T07:00:00.0,-4.100915283862582,-0.08136678722002011,0.017933859933554522,0.22040762018857168,22.00445,-0.40502,NaN,-0.04486,2.77368,0.0,0.0,2.0
2024-11-17T07:30:00.0,-4.227808789694195,-0.0990470395600658,0.016116670658036746,0.1627173384446589,17.00593,-0.29557,0.34441,0.02333,2.87695,0.0,0.0,0.0
2024-11-17T08:00:00.0,-4.503854932786168,-0.0892961966154972,0.025583012729719586,0.28649610733005954,29.5028,-0.50953,0.5588,-0.13796,3.25336,0.0,0.0,0.0
2024-11-17T08:30:00.0,-4.845994548321783,-0.09067912126803922,0.017648001458957743,0.19462034051688545,31.85358,-0.53061,NaN,-0.08705,2.73957,0.0,0.0,2.0
2024-11-17T09:00:00.0,-4.898760809558658,-0.0944913347875727,0.020640844608743308,0.21844166616067262,28.89603,-0.30818,0.38486,-0.03217,2.42994,0.0,0.0,0.0
2024-11-17T09:30:00.0,-4.887814647609657,-0.10701642033359432,0.019440616352496366,0.18166012553863772,37.38915,-0.38005,0.22669,0.27122,2.3599,0.0,0.0,0.0
2024-11-17T10:00:00.0,-5.022827094415551,-0.10297988325047461,0.010211593561631592,0.09916105203570941,32.7958,-0.30168,NaN,-0.08251,1.74099,0.0,0.0,2.0
2024-11-17T10:30:00.0,-5.089234071000974,-0.09536425585497303,0.009437717229227345,0.09896493339789626,38.20157,-0.1708,0.14782,0.11971,1.37255,0.0,0.0,1.0
2024-11-17T11:00:00.0,-5.25896602031771,-0.14595163296779037,0.01680330775700064,0.115129289171495,17.25002,-0.02583,NaN,-0.09585,0.78643,0.0,1.0,2.0
2024-11-17T11:30:00.0,-5.200192674268478,-0.16346077544787932,0.015055708186731069,0.09210593884360774,28.57222,-0.03481,NaN,-0.03002,0.68096,0.0,1.0,2.0
2024-11-17T12:00:00.0,-5.1121825682856565,-0.14823078300876807,0.009385480409500812,0.06331667565262504,40.12035,-0.06568,NaN,-0.01157,0.99525,0.0,0.0,2.0
2024-11-17T12:30:00.0,-5.1638278579108565,-0.16440910666318725,0.01086814621367472,0.06610428360236448,28.99596,-0.06494,NaN,0.02741,1.33058,0.0,0.0,2.0
2024-11-17T13:00:00.0,-5.012044834850248,-0.1446357945193305,0.011512207852102257,0.07959445924406808,13.35823,-0.09054,NaN,0.15791,2.09839,0.0,0.0,2.0
2024-11-17T13:30:00.0,-4.796395719804703,-0.10382479300488905,0.021347988254145817,0.2056155147175738,20.14664,-0.15278,0.37722,-0.00901,2.2663,0.0,0.0,0.0
2024-11-17T14:00:00.0,-4.734030730975027,-0.10204237595106148,0.01392199933655506,0.13643350820478656,22.84679,-0.17622,0.45185,-0.01494,2.49572,0.0,0.0,0.0
2024-11-17T14:30:00.0,-4.782518290521786,-0.0800651487575512,0.017311657125115915,0.21621963355789303,22.54121,-0.21497,0.53351,-0.09471,2.51932,0.0,0.0,0.0
2024-11-17T15:00:00.0,-4.778706761772514,-0.06527687444896815,0.020951158604282216,0.32095836053947885,NaN,-0.26396,0.63545,0.17471,2.68948,2.0,0.0,0.0
2024-11-17T15:30:00.0,-4.7825730297539675,-0.08241281640128904,0.017645642212462037,0.21411284049001433,NaN,-0.21375,0.65213,-0.19484,3.15821,2.0,0.0,0.0
2024-11-17T16:00:00.0,-4.773888599999216,-0.07391941265799448,0.026378620253220394,0.35685646442115654,20.62342,-0.25406,0.58873,0.11853,2.73887,0.0,0.0,0.0
2024-11-17T16:30:00.0,-4.8159021760670235,-0.08951953990932053,0.02974399655042046,0.33226261641368865,29.10309,-0.15737,0.4835,0.32509,1.56847,0.0,0.0,0.0
2024-11-17T17:00:00.0,-4.975264995331576,-0.09992021876046144,0.025219861122129365,0.25239997905317735,15.44966,-0.09749,0.37307,-0.13041,1.71559,0.0,0.0,0.0
2024-11-17T17:30:00.0,-5.093887675624719,-0.09874201257307189,0.014136405978957291,0.14316505822175693,12.026,-0.04743,0.53725,0.12757,1.27897,0.0,0.0,0.0
2024-11-17T18:00:00.0,-5.067722082141769,-0.07560505232333252,0.018576693178742623,0.2457070342243472,6.80094,-0.02278,0.31496,0.02498,1.22195,0.0,0.0,0.0
2024-11-17T18:30:00.0,-5.019240294153179,-0.056121291029764035,0.010502858802979222,0.1871457090573524,NaN,-0.01698,0.15837,0.10328,1.23548,2.0,0.0,0.0
2024-11-17T19:00:00.0,-4.914998352054214,-0.07012105379958032,0.016945283238755243,0.2416575667443358,NaN,-0.01156,0.20943,0.09047,0.83887,2.0,0.0,0.0
2024-11-17T19:30:00.0,-4.805763505021307,-0.025146522889732438,0.013293906823528538,0.5286578538839087,13.06621,-0.06437,0.38041,-0.07414,1.2709,0.0,0.0,0.0
2024-11-17T20:00:00.0,-4.526284230466026,-0.017789335010663973,-0.009265960176454811,0.5208716442126842,1.58404,-0.07105,-0.37681,0.56935,1.96396,1.0,0.0,1.0
2024-11-17T20:30:00.0,-4.42586497974107,-0.03206368061453824,-0.001231235679351258,0.038399698841591945,4.78334,-0.06141,-0.54196,0.26205,1.58621,0.0,0.0,1.0
2024-11-17T21:00:00.0,-4.26433729934003,-0.05365190650990253,0.0077306459780753095,0.14408893329165226,9.42588,-0.13626,0.32043,0.22824,2.16043,0.0,0.0,0.0
2024-11-17T21:30:00.0,-4.113950428175544,-0.04295932150015326,-0.001442428366047969,0.033576609585019235,NaN,-0.194,0.30007,-0.03435,2.6655,2.0,0.0,0.0
2024-11-17T22:00:00.0,-4.069914385327944,-0.049269417583221564,0.012179554629250586,0.24720313790350687,NaN,-0.14831,0.30503,0.17176,2.65562,2.0,0.0,0.0
2024-11-17T22:30:00.0,-4.0452438491678375,-0.059591553287642665,0.0027131489655170277,0.045529086184763805,NaN,-0.16902,0.6055,-0.12031,2.70296,2.0,0.0,0.0
2024-11-17T23:00:00.0,-3.9522467537259716,-0.0638243689474917,0.010440640380037638,0.16358391868515224,NaN,-0.23025,0.24065,-0.11541,2.98266,2.0,0.0,1.0
2024-11-17T23:30:00.0,-3.8454140303124134,-0.07656274815286165,0.014100891885924085,0.1841743174862388,NaN,-0.20246,0.63696,-0.23191,2.96248,2.0,0.0,0.0
2024-11-18T00:00:00.0,-3.8337524794104607,-0.07647617146491387,0.007751230298277879,0.10135484229664961,NaN,-0.19987,0.67302,-0.16693,2.78943,2.0,0.0,0.0
2024-11-18T00:30:00.0,-3.8093091821787337,-0.0697772257812091,0.01752615242920428,0.2511729612776329,NaN,-0.2025,0.45204,0.09695,2.91621,2.0,0.0,0.0
2024-11-18T01:00:00.0,-3.888108345183228,-0.0856074153710436,0.01212891724520119,0.14168068493402677,NaN,-0.30103,1.33085,-0.30621,3.13676,2.0,0.0,0.0
2024-11-18T01:30:00.0,-3.9307729093690487,-0.0833242151628535,0.008237870802900619,0.09886526727914645,NaN,-0.36174,0.68829,-0.13275,3.27534,2.0,0.0,0.0
2024-11-18T02:00:00.0,-3.9905471168841355,-0.08384524865223404,0.012881686790601046,0.15363645522754157,17.93157,-0.29858,0.43837,-0.03889,3.25306,0.0,0.0,0.0
2024-11-18T02:30:00.0,-4.0386050342650845,-0.08193203780993018,0.010841856103310418,0.13232743128471758,NaN,-0.25889,0.63591,-0.01541,3.23905,2.0,0.0,0.0
2024-11-18T03:00:00.0,-4.063676567234871,-0.06751992749108011,0.016012000210079997,0.2371448075413781,NaN,-0.28085,0.21022,-0.06506,3.27493,2.0,0.0,1.0
2024-11-18T03:30:00.0,-4.118869392089794,-0.06555052164384627,0.02078506102771648,0.3170846014109139,NaN,-0.27395,0.42003,0.25084,3.05737,2.0,0.0,0.0
2024-11-18T04:00:00.0,-4.18290720758707,-0.08611136442526296,0.006516262319585372,0.0756725011045541,NaN,-0.27804,0.40675,-0.1169,3.21422,2.0,0.0,0.0
2024-11-18T04:30:00.0,-4.252340927759559,-0.072746445455272,0.013216194344748715,0.18167477822507033,17.55083,-0.25745,0.51035,-0.02464,3.15692,0.0,0.0,0.0
2024-11-18T05:00:00.0,-4.345932157338029,-0.08274978122510517,0.013893308437631926,0.1678954098964661,14.93027,-0.14514,0.21296,0.09227,2.48746,0.0,0.0,0.0
2024-11-18T05:30:00.0,-4.511263875874056,-0.08191504197091674,0.02293772401067085,0.2800184613079329,NaN,-0.15749,0.2522,0.14004,2.11526,2.0,0.0,0.0
2024-11-18T06:00:00.0,-4.540300332117934,-0.08478460250804841,0.009110414699110315,0.1074536464123363,NaN,-0.2522,0.22536,-0.19954,2.9824,2.0,0.0,0.0
2024-11-18T06:30:00.0,-4.555372140685237,-0.0764922632693325,0.014143674595039176,0.18490333519402738,NaN,-0.24749,NaN,0.26393,2.58382,2.0,0.0,2.0
2024-11-18T07:00:00.0,-4.667846433306038,-0.06573436925935766,0.014241385335170179,0.21665052081020517,NaN,-0.29359,0.28594,-0.07318,2.8152,2.0,0.0,0.0
2024-11-18T07:30:00.0,-4.782226497902228,-0.06159329380977982,0.020302727087256688,0.32962561070297897,NaN,-0.27581,0.30495,0.03681,2.98404,2.0,0.0,0.0
2024-11-18T08:00:00.0,-5.031617234008087,-0.06881952995168043,0.0220019537220234,0.3197050857143519,27.74289,-0.36004,0.37006,0.03889,3.09896,0.0,0.0,0.0
2024-11-18T08:30:00.0,-5.201782045568728,-0.09217765334350525,0.01099534116016025,0.11928423822187671,NaN,-0.26556,NaN,-0.16539,3.25233,2.0,0.0,2.0
2024-11-18T09:00:00.0,-5.22274541465161,-0.0720724464550961,0.01682640211956916,0.23346511665942485,NaN,-0.26771,0.12812,-0.05229,3.5189,2.0,0.0,1.0
2024-11-18T09:30:00.0,-5.200137701800653,-0.08451095531317097,0.009276512275676753,0.10976697921945056,NaN,-0.28551,0.12454,0.15853,3.27724,2.0,0.0,1.0
2024-11-18T10:00:00.0,-5.211799252702608,-0.08459753200111841,0.01562617386332228,0.18471193536846553,NaN,-0.37128,0.29793,0.07116,3.5557,2.0,0.0,0.0
2024-11-18T10:30:00.0,-5.222272195878349,-0.07527510368804048,0.016294730096866626,0.21646904884244605,NaN,-0.4268,0.17618,-0.05678,4.06194,2.0,0.0,0.0
2024-11-18T11:00:00.0,-5.352271228834793,-0.09602212530277339,0.015787315224822313,0.164413307610536,NaN,-0.29505,NaN,0.10015,3.40229,2.0,0.0,2.0
2024-11-18T11:30:00.0,-5.30450482979916,-0.08915002624317389,0.012862914180457161,0.14428390795277032,NaN,-0.52849,0.37964,-0.23227,4.33914,2.0,0.0,0.0
2024-11-18T12:00:00.0,-5.248911008134558,-0.09520940670483637,0.012386114919784256,0.13009339463886269,NaN,-0.27682,0.1891,0.33037,3.36302,2.0,0.0,0.0
2024-11-18T12:30:00.0,-5.286969201113023,-0.09941596694266559,0.010209400021652208,0.10269376575636079,NaN,-0.37147,NaN,-0.1518,3.18363,2.0,0.0,2.0
2024-11-18T13:00:00.0,-5.31003265000584,-0.08523515111390093,0.013797013395927113,0.16186999395929938,NaN,-0.40797,0.26322,0.05637,3.46817,2.0,0.0,0.0
2024-11-18T13:30:00.0,-5.382749666647919,-0.06025633119202363,0.014018625062359846,0.23264982757887437,NaN,-0.23574,0.4157,-0.24241,3.12457,2.0,0.0,0.0
2024-11-18T14:00:00.0,-5.470159932114723,-0.05639069798051845,0.0028671564891687784,0.050844493717018865,NaN,-0.38868,0.173,-0.16414,3.95057,2.0,0.0,1.0
2024-11-18T14:30:00.0,-5.42403641686379,-0.05050132283423004,0.0050296047181520665,0.09959352420651793,NaN,-0.31832,0.41592,-0.04825,4.32147,2.0,0.0,1.0
2024-11-18T15:00:00.0,-5.543580900810773,-0.031280066917460395,0.0010332381769914709,0.03303184036395785,NaN,-0.39917,NaN,0.05836,4.55307,2.0,0.0,2.0
2024-11-18T15:30:00.0,-5.443634868859076,-0.04235175528839118,0.00959963469679798,0.22666438808568784,NaN,-0.53916,0.2737,-0.13891,4.54728,2.0,0.0,0.0
2024-11-18T16:00:00.0,-5.4027551612853,-0.03381296539435272,0.011581378666353791,0.34251295416663036,NaN,-0.35906,0.21643,0.02883,4.45105,2.0,0.0,0.0
2024-11-18T16:30:00.0,-5.330857620993979,-0.04915148582511941,0.007261192378313865,0.14773088252406302,NaN,-0.3209,0.35319,0.00844,4.08067,2.0,0.0,0.0
2024-11-18T17:00:00.0,-5.292150215193722,-0.04742440437220838,0.011827422342401753,0.2493952744155676,NaN,-0.25274,0.35718,-0.12804,3.77229,2.0,0.0,0.0
2024-11-18T17:30:00.0,-5.347519034097174,-0.04617817697299986,0.013679296071380413,0.29622858605653973,NaN,-0.34064,0.27703,0.28317,3.63407,2.0,0.0,0.0
2024-11-18T18:00:00.0,-5.413921168164525,-0.06612958226429225,0.006935765150306842,0.10488142995652827,NaN,-0.24255,0.35991,-0.01864,3.44432,2.0,0.0,0.0
2024-11-18T18:30:00.0,-5.303734701614021,-0.07419069636546693,0.007379495761713088,0.09946659248703284,NaN,-0.22847,0.25534,-0.14034,3.50697,2.0,0.0,0.0
2024-11-18T19:00:00.0,-5.252722262609585,-0.08274051616374438,0.006773451671103051,0.08186378312770393,NaN,-0.46695,0.39704,-0.00655,3.43798,2.0,0.0,0.0
2024-11-18T19:30:00.0,-5.248487137526919,-0.07381243456896308,0.002272449856729235,0.030786816205148757,NaN,-0.43166,NaN,-0.01889,3.84097,2.0,0.0,2.0
2024-11-18T20:00:00.0,-5.2349234866600245,-0.058560560178686764,0.016836757507254548,0.2875101852830691,NaN,-0.39886,0.19395,0.07066,3.85642,2.0,0.0,0.0
2024-11-18T20:30:00.0,-5.2821504907912376,-0.05354417545234252,0.011690538131561113,0.21833445062509896,NaN,-0.5189,0.26853,0.17688,3.75352,2.0,0.0,0.0
2024-11-18T21:00:00.0,-5.184019405589582,-0.04605844328907803,0.009138598319495617,0.1984130957735317,NaN,-0.47947,0.25846,0.00838,4.08003,2.0,0.0,0.0
2024-11-18T21:30:00.0,-5.150317907822982,-0.027067652658696296,0.011062255571316244,0.4086891357297716,NaN,-0.55209,NaN,-0.00901,4.06698,2.0,0.0,2.0
2024-11-18T22:00:00.0,-5.059107388049274,-0.055974254370802196,-8.117760933773267e-5,0.0014502669173575857,NaN,-0.56605,0.17259,-0.07032,4.43172,2.0,0.0,1.0
2024-11-18T22:30:00.0,-5.011049470668325,-0.05788746521310609,0.001958653077952901,0.03383553020921444,-12.349,-0.48453,0.16747,-0.03551,4.50915,0.0,0.0,1.0
2024-11-18T23:00:00.0,-5.123800350383125,-0.005508860446188367,0.011715698572392672,2.1267009187896337,-26.15012,-0.78819,0.44142,0.20709,4.79874,0.0,0.0,0.0
2024-11-18T23:30:00.0,-5.209024762428206,-0.016555191951339133,0.006769794028909414,0.4089227143247839,-9.51566,-0.64804,0.32612,-0.05283,5.00157,0.0,0.0,0.0
2024-11-19T00:00:00.0,-5.082546014149965,-0.046638919396768126,0.01057510092295732,0.22674412400065447,NaN,-0.80097,0.20462,-0.07168,5.19022,2.0,0.0,0.0
2024-11-19T00:30:00.0,-5.077127672407649,-0.05524912981351711,0.01030897188217959,0.18659066517383271,NaN,-0.73614,0.24918,-0.04358,5.14335,2.0,0.0,0.0
2024-11-19T01:00:00.0,-5.1112909520485275,-0.058293789835803946,0.0017120233430530504,0.02936888042234524,NaN,-0.68029,0.20433,0.24928,5.18339,2.0,0.0,1.0
2024-11-19T01:30:00.0,-5.151434293585615,-0.03558934027823787,0.011915427345751163,0.334803265601335,-6.80787,-0.81476,0.35565,0.02477,4.89973,0.0,0.0,0.0
2024-11-19T02:00:00.0,-5.196956168884156,-0.03476241351522415,0.007427408815916261,0.21366205809223915,-13.63577,-0.78341,0.2737,0.06659,4.84493,0.0,0.0,0.0
2024-11-19T02:30:00.0,-5.566952737053049,0.0013402760667977412,0.01330551220312342,9.927441467274466,-16.78263,-0.56511,0.2893,0.0843,4.77825,0.0,0.0,0.0
2024-11-19T03:00:00.0,-5.9313423709631445,0.018701691389314577,0.010345674110554603,0.5531945691535537,-28.35198,-0.71211,0.26774,-0.06019,4.51975,0.0,0.0,0.0
2024-11-19T03:30:00.0,-6.184400191891118,-0.0015381842982009487,-0.0012504678931786891,0.8129506292849491,-26.98625,-0.68895,0.22917,0.27537,4.66794,0.0,0.0,0.0
2024-11-19T04:00:00.0,-6.574887458918127,-0.003047274760062442,0.013873347969762244,4.552706618906253,-14.89843,-0.60182,NaN,0.08457,4.24193,1.0,0.0,2.0
2024-11-19T04:30:00.0,-6.741568396045222,0.019107440127968806,-0.010378043521405544,0.5431414910579532,-22.88515,-0.57383,NaN,0.28639,4.41436,0.0,0.0,2.0
2024-11-19T05:00:00.0,-6.713478377347865,0.02838231513098991,0.0045126098355593594,0.15899371896664477,-22.70987,-0.54961,0.26357,-0.07802,4.92164,0.0,0.0,0.0
2024-11-19T05:30:00.0,-6.8156081479720605,0.019898821685641246,0.005735662620294732,0.2882413195568016,-24.32451,-0.70488,0.33962,0.16334,5.03618,0.0,0.0,0.0
2024-11-19T06:00:00.0,-6.756888081171633,0.0067259856788374935,0.007690068526236506,1.1433370354076702,-14.43382,-0.71764,0.12407,0.11766,4.69094,0.0,0.0,0.0
2024-11-19T06:30:00.0,-6.92020632456413,0.03427672745549632,0.005235975239082885,0.15275598424269318,-21.40168,-0.49876,0.32815,0.06787,4.71483,0.0,0.0,0.0
2024-11-19T07:00:00.0,-6.959380903305229,0.021548479598125992,0.003912432115385808,0.1815641840330146,-19.21648,-0.47268,0.14772,0.02002,4.51995,0.0,0.0,0.0
2024-11-19T07:30:00.0,-6.912664374448061,0.015926734198733965,0.0054303601088065995,0.3409587955098959,-25.82445,-0.52547,0.2602,-0.0386,4.63145,0.0,0.0,0.0
2024-11-19T08:00:00.0,-6.993658843381553,0.06043881483349699,-0.009174997321086864,0.1518063738735295,-24.54042,-0.39946,0.22597,0.18855,4.43268,0.0,0.0,0.0
2024-11-19T08:30:00.0,-7.000995015957373,0.12322161655891103,-0.02059454315883122,0.16713417445700504,-39.70668,-0.35286,0.4719,-0.16649,4.15719,0.0,0.0,0.0
2024-11-19T09:00:00.0,-6.7215821918074985,0.08823049856941609,-0.03364229999194509,0.38130012339754293,-33.93002,-0.34469,0.27913,-0.00212,4.48879,0.0,0.0,0.0
2024-11-19T09:30:00.0,-5.701276461470688,-0.05787208862926032,-0.01614760370160777,0.2790223073691432,-27.6515,-0.59558,0.53093,-0.0082,4.80481,0.0,0.0,0.0
2024-11-19T10:00:00.0,-5.376263971995736,-0.05783304741203522,0.0048162184914757305,0.08327796488333523,NaN,-0.49089,0.28206,-0.05871,4.20284,2.0,0.0,0.0
2024-11-19T10:30:00.0,-5.273558670496705,-0.05940032425011324,0.007442593963499104,0.12529551071406678,12.3584,-0.41688,0.22914,0.31555,4.05737,0.0,0.0,0.0
2024-11-19T11:00:00.0,-4.784013073570383,-0.0862670798620378,0.0014318024920834094,0.016597321879600103,13.35603,-0.53555,0.40934,-0.35141,4.39278,1.0,0.0,0.0
2024-11-19T11:30:00.0,-4.50253365748478,-0.07179273236831596,0.006322897865587257,0.08807155901448488,NaN,-0.76541,0.23624,0.04772,4.59554,2.0,0.0,0.0
2024-11-19T12:00:00.0,-4.367527256511304,-0.0616254458140306,0.012840905838763551,0.2083701897672924,NaN,-0.61426,NaN,-0.05661,4.59545,2.0,0.0,2.0
2024-11-19T12:30:00.0,-4.402048230628658,-0.0709759369533021,0.0068186739653365285,0.0960702212331879,NaN,-0.70471,0.5146,-0.08563,4.6128,2.0,0.0,0.0
2024-11-19T13:00:00.0,-4.5131883010884675,-0.0680529567241973,0.012487357853489811,0.18349471433104883,16.8652,-0.50295,0.21954,-0.13044,3.87117,0.0,0.0,1.0
2024-11-19T13:30:00.0,-4.784580839556695,-0.054924357061529386,0.017255011175442043,0.3141595477596943,10.55244,-0.63885,0.61,0.07834,4.57797,0.0,0.0,1.0
2024-11-19T14:00:00.0,-5.023766937581162,-0.05626406272264141,0.0100396288856969,0.17843768117471578,NaN,-0.70032,0.13677,-0.11485,4.53593,2.0,0.0,0.0
2024-11-19T14:30:00.0,-5.3614022349382635,-0.028476832733258184,0.013031450613207289,0.4576158709528049,NaN,-0.91019,0.32035,0.05303,5.46334,2.0,0.0,1.0
2024-11-19T15:00:00.0,-5.855353220476218,-0.0033773380099234086,0.021834184343345796,6.4649094284290936,-11.54551,-0.80796,0.3401,-0.04554,5.90536,0.0,0.0,0.0
2024-11-19T15:30:00.0,-6.317637499927837,0.014428665462025887,0.015596397221139303,1.0809313766534205,-27.5624,-0.76602,NaN,-0.1817,5.35221,0.0,0.0,2.0
2024-11-19T16:00:00.0,-6.547245735625599,0.046770520401280956,0.017779492633442782,0.38014314317862147,-28.63037,-0.81073,0.29072,-0.11159,4.44674,0.0,0.0,1.0
2024-11-19T16:30:00.0,-6.712312643419612,0.012304373381713809,0.013241431101476298,1.076156476294445,-45.35245,-0.65934,0.36381,0.01926,4.74191,0.0,0.0,1.0
2024-11-19T17:00:00.0,-7.092776722659082,0.03533180064807304,0.01334416164872405,0.377681335339806,-24.9107,-0.53094,0.11359,-0.09065,4.40579,0.0,0.0,1.0
2024-11-19T17:30:00.0,-7.424728634296211,0.09581008643792195,-0.0029578335932575624,0.03087183931489328,-15.92463,-0.22524,0.25168,0.07992,3.28151,0.0,0.0,0.0
2024-11-19T18:00:00.0,-7.867878971395669,0.11451253912598594,0.0015257259415030488,0.013323658292341726,-15.07109,-0.28051,0.45343,0.0769,3.44761,1.0,0.0,0.0
2024-11-19T18:30:00.0,-8.228654619670634,0.15607453081541406,-0.014236617331399444,0.09121678762716756,-21.39532,-0.23764,0.47216,-0.28312,3.39658,0.0,0.0,0.0
2024-11-19T19:00:00.0,-8.499534196563495,0.18183320274184733,-0.03805945503568004,0.20930971055772415,-26.28938,-0.21972,0.28697,0.07279,3.08954,0.0,0.0,0.0
2024-11-19T19:30:00.0,-8.730805379291096,0.1822214379376597,-0.021903496974730464,0.12020263489647103,-21.61676,-0.13559,0.2821,-0.17984,2.75831,0.0,0.0,0.0
2024-11-19T20:00:00.0,-8.783964639920255,0.19408739168398842,-0.018476145835310386,0.09519498239943944,-36.9659,-0.25153,0.30554,-0.1368,3.41374,0.0,0.0,0.0
2024-11-19T20:30:00.0,-8.964747047679277,0.10469943428458416,-0.0040839058045607,0.0390059968562983,-37.16461,-0.32804,0.34404,0.0223,3.48417,0.0,0.0,0.0
2024-11-19T21:00:00.0,-9.045885960539925,0.14743688015637973,-0.009033396075121094,0.061269582383592036,-44.62231,-0.27476,NaN,-0.07452,3.45387,0.0,0.0,2.0
2024-11-19T21:30:00.0,-8.814263022950902,0.07189284936564809,-0.01390176913504404,0.193367897610226,-61.4522,-0.44942,0.25126,0.17796,3.88426,0.0,0.0,0.0
2024-11-19T22:00:00.0,-8.779400949086968,0.12446055372516858,0.0012214766866823442,0.009814167221042466,-43.35648,-0.24294,0.06779,0.13832,3.17427,0.0,0.0,1.0
2024-11-19T22:30:00.0,-8.99336536383508,0.11534284672910973,-0.029237007712184526,0.25347915836384344,-35.69139,-0.21843,0.17064,-0.06792,3.01304,0.0,0.0,0.0
2024-11-19T23:00:00.0,-8.810204884112618,0.05101086307085853,-0.016220197274981505,0.31797535463084087,-33.24701,-0.31611,0.26065,0.06256,2.74604,0.0,0.0,0.0
2024-11-19T23:30:00.0,-8.14534217005685,-0.031496135224749464,0.012640943466498647,0.401349034613157,-8.39312,-0.60493,NaN,-0.04614,3.21537,0.0,0.0,2.0
2024-11-20T00:00:00.0,-8.006849906919745,-0.06307145401946299,0.006309744574191674,0.100041209962348,-3.02402,-0.59633,0.11489,0.05918,3.66636,0.0,0.0,0.0
2024-11-20T00:30:00.0,-7.806304699111368,-0.06743098665071212,0.01254805416320014,0.18608735814883148,22.13414,-0.33599,0.19822,0.07765,2.20945,0.0,0.0,1.0
2024-11-20T01:00:00.0,-7.912728919899457,-0.06630243158015169,0.019263099420830862,0.2905338305359749,18.44278,-0.24251,0.2348,-0.07095,1.88787,0.0,0.0,0.0
2024-11-20T01:30:00.0,-7.723354900941383,-0.05634825053620608,0.01569734442175395,0.27857731646287326,11.27605,-0.2691,0.19365,0.28443,2.09799,0.0,0.0,1.0
2024-11-20T02:00:00.0,-7.86875307252936,-0.055587029611499195,0.030033778200952037,0.5403019087520914,7.12675,-0.25371,NaN,0.15059,2.40293,0.0,0.0,2.0
2024-11-20T02:30:00.0,-7.5512480189783275,-0.07539833208738696,-0.00047899189454397726,0.00635281817625387,18.63459,-0.36392,0.2821,-0.07963,3.01277,0.0,0.0,0.0
2024-11-20T03:00:00.0,-7.4555543205664465,-0.06668058694117107,0.015109193162443912,0.22659058438963642,19.18244,-0.32195,0.19843,-0.01772,2.872,0.0,0.0,1.0
2024-11-20T03:30:00.0,-7.930925198306362,-0.06630048547089047,0.026732061823688057,0.4031955668774837,NaN,-0.2284,0.13154,0.06742,3.01005,2.0,0.0,0.0
2024-11-20T04:00:00.0,-7.89212929112547,-0.07850964594814093,0.013295740309432851,0.16935167836848064,NaN,-0.26964,0.18134,0.2702,3.16767,2.0,0.0,0.0
2024-11-20T04:30:00.0,-7.822778955541297,-0.0782481908250915,0.016655543404430432,0.2128553162546676,29.06285,-0.3495,0.24472,-0.0921,2.93668,0.0,0.0,0.0
2024-11-20T05:00:00.0,-7.74335667359106,-0.08321918940069227,0.015050528708921157,0.18085406523793846,NaN,-0.17714,0.12771,-0.01991,2.29398,2.0,0.0,1.0
2024-11-20T05:30:00.0,-7.738757808199495,-0.08218910032633102,0.010685825046537038,0.1300151115428819,NaN,-0.14155,0.24926,0.19201,2.05057,2.0,0.0,1.0
2024-11-20T06:00:00.0,-7.761365521050456,-0.06975059146825567,0.01823571489042886,0.26144172409961786,NaN,-0.11803,0.16384,-0.0572,2.1477,2.0,0.0,0.0
2024-11-20T06:30:00.0,-7.930088554537058,-0.0553133124326345,0.024837800668295145,0.44903838833634924,12.46557,-0.14536,0.2467,-0.0714,2.25435,0.0,0.0,0.0
2024-11-20T07:00:00.0,-8.313747317047845,0.019734708139158973,0.03162586415197396,1.6025503863023811,3.34401,-0.13266,0.22317,0.16139,2.32859,0.0,0.0,0.0
2024-11-20T07:30:00.0,-8.545974501646876,0.017615629025091128,0.014676403268642436,0.8331467044258167,NaN,-0.12083,0.09586,0.06973,2.33946,2.0,0.0,0.0
2024-11-20T08:00:00.0,-8.710463870034188,0.034297015538470726,0.013409466843269975,0.3909805746283862,8.03657,-0.11614,0.26539,0.14734,2.55232,0.0,0.0,0.0
2024-11-20T08:30:00.0,-9.020678724872205,0.06340088908949464,0.02072278944932775,0.3268532941245687,2.526,-0.09848,0.33043,-0.16037,2.3026,0.0,0.0,0.0
2024-11-20T09:00:00.0,-9.5975034371759,0.30834225115445024,-0.036235617224127124,0.11751752180720934,-4.48839,-0.0403,0.05677,0.08745,2.50303,0.0,0.0,0.0
2024-11-20T09:30:00.0,-9.857978449069321,0.2981491301067439,-0.06305470253590893,0.2114871256318406,-2.31277,-0.03013,NaN,0.00887,2.28129,1.0,0.0,2.0
2024-11-20T10:00:00.0,-10.355365431113457,0.4174802412497734,-0.07935140190345914,0.1900722335167574,-3.47747,-0.01231,0.05195,0.11044,2.2618,0.0,0.0,0.0
2024-11-20T10:30:00.0,-10.393238921620023,0.33353430663235956,-0.07334388166983234,0.21989906348877067,-5.12277,-0.05848,0.04555,0.06202,2.53184,0.0,0.0,1.0
2024-11-20T11:00:00.0,-10.52757616504088,0.07308600850755839,-0.001588058824698449,0.021728629831169605,NaN,-0.05536,0.07837,0.03775,2.25981,2.0,0.0,0.0
2024-11-20T11:30:00.0,-10.484502741879,0.10723947947600128,-0.0199687478585568,0.18620705691718256,3.34007,-0.07882,0.08594,0.03834,2.19564,1.0,0.0,0.0
2024-11-20T12:00:00.0,-10.976133439083632,0.16706629474988569,0.017680599265741295,0.10582984013747868,-2.8842,-0.02869,0.08859,0.09374,2.16062,0.0,0.0,0.0
2024-11-20T12:30:00.0,-10.617320286952982,0.2274014947973968,-0.08177484143488144,0.35960555803618915,-3.25088,-0.04927,0.05158,-0.04285,2.50569,0.0,0.0,1.0
2024-11-20T13:00:00.0,-10.508948377722266,0.17406867785185468,-0.05265331056134472,0.3024858418592493,NaN,-0.06219,0.16734,-0.17646,2.5567,2.0,0.0,0.0
2024-11-20T13:30:00.0,-10.540511423682224,0.26732236031684525,-0.038328361287605285,0.1433788076769051,-6.28633,-0.05272,0.06894,-0.19111,2.53334,0.0,0.0,1.0
2024-11-20T14:00:00.0,-10.694730093806719,0.43652070160914447,-0.11221650876389537,0.25707030239398065,-6.28139,-0.02211,0.08383,0.09592,2.4892,0.0,0.0,0.0
2024-11-20T14:30:00.0,-10.724281944143996,0.21683474669740577,-0.031014329939814435,0.14303210353594817,0.48943,-0.09537,0.39078,0.04594,2.93082,0.0,0.0,0.0
2024-11-20T15:00:00.0,-10.743524890637191,0.038448866276173076,0.011311774436470265,0.2942030684395035,6.04254,-0.10506,0.38873,-0.05724,2.7289,1.0,0.0,0.0
2024-11-20T15:30:00.0,-10.77035021666481,-0.03324132394388302,0.010892655171152425,0.32768415570754855,15.46922,-0.15045,NaN,-0.50175,2.9056,1.0,0.0,2.0
2024-11-20T16:00:00.0,-10.379715600945405,-0.015035013297216588,0.008415776429685684,0.5597451936569744,NaN,-0.12205,0.49207,-0.09205,2.69292,2.0,0.0,0.0
2024-11-20T16:30:00.0,-10.418704645453222,-0.021151978864077953,0.034552965008309594,1.633557088457114,9.62927,-0.07584,0.21279,0.38546,2.46314,0.0,0.0,1.0
2024-11-20T17:00:00.0,-10.634080237430052,0.023096840539921178,0.021581049652205316,0.9343723707536565,3.85706,-0.12998,0.93614,-0.16798,2.6595,1.0,0.0,0.0
2024-11-20T17:30:00.0,-10.676701209806915,0.040686762678586084,0.007021056159974599,0.17256364718517805,NaN,-0.08313,0.557,-0.11153,2.74845,2.0,0.0,0.0
2024-11-20T18:00:00.0,-10.725940229098287,0.02567111899948354,0.01674136603333792,0.6521478878141124,NaN,-0.14018,0.39339,-0.14382,3.09027,2.0,0.0,0.0
2024-11-20T18:30:00.0,-10.77511329975292,-0.04131441594945763,0.016259314095574386,0.3935506220265916,NaN,-0.14713,0.23401,0.12375,3.01559,2.0,0.0,0.0
2024-11-20T19:00:00.0,-11.212645342443617,0.24486667130976134,-0.034703717488980386,0.14172495302588353,NaN,-0.05854,0.27629,0.17721,2.9451,2.0,0.0,1.0
2024-11-20T19:30:00.0,-11.71020821647268,0.1773620433512084,-0.0004429524922347832,0.0024974480664820627,-2.98374,-0.04572,0.43101,0.22665,2.91406,0.0,0.0,1.0
2024-11-20T20:00:00.0,-11.955356196542134,0.05368707415433762,0.004491345487929744,0.08365785542751296,2.33327,-0.04301,0.34988,-0.13336,2.78202,1.0,0.0,0.0
2024-11-20T20:30:00.0,-11.835349106582761,0.04416326761639575,-0.00901424777132042,0.20411188432927124,NaN,-0.11015,0.59712,0.00327,3.08152,2.0,0.0,1.0
2024-11-20T21:00:00.0,-11.82167540324662,-0.053957888379682926,0.029927187340887323,0.5546397058813736,NaN,-0.18342,0.54312,0.11339,3.42248,2.0,0.0,0.0
2024-11-20T21:30:00.0,-11.67427226972826,-0.04801550951529811,0.018683733761118718,0.3891187232984779,6.80469,-0.14177,0.58301,-0.29212,3.04415,0.0,0.0,0.0
2024-11-20T22:00:00.0,-11.620511658622465,-0.07886768901421287,0.030470737593441283,0.3863526112442588,NaN,-0.10359,0.35753,0.26031,2.96607,2.0,0.0,0.0
2024-11-20T22:30:00.0,-11.474503981718277,-0.037347920319729555,0.0205453425968559,0.5501067374293004,7.92162,-0.1017,0.58169,-0.19969,2.75614,0.0,0.0,0.0
2024-11-20T23:00:00.0,-11.259099470111074,-0.07031361661083,0.02181834615062814,0.31030043969132987,19.50291,-0.19573,0.25072,-0.09748,3.00089,0.0,0.0,1.0
2024-11-20T23:30:00.0,-11.373815390642374,-0.05691132512270451,0.026435298866661974,0.46449979524577495,16.95047,-0.25424,0.53238,0.26075,3.85642,0.0,0.0,0.0
2024-11-21T00:00:00.0,-11.095076899915078,-0.056466269486186764,0.011418779790222102,0.20222302436705963,19.46479,-0.39842,0.61907,-0.08774,4.45741,0.0,0.0,0.0
2024-11-21T00:30:00.0,-10.991737057772827,-0.06453662392676361,0.015404705575804091,0.23869710930781576,23.48105,-0.40029,0.59066,-0.22274,4.38738,0.0,0.0,0.0
2024-11-21T01:00:00.0,-11.025429459002043,-0.05221187045685527,0.03917803016170915,0.7503663404298742,17.71084,-0.33095,0.62275,0.17928,4.22951,0.0,0.0,1.0
2024-11-21T01:30:00.0,-11.282076757984848,-0.05149697198708828,0.0403053531942972,0.7826742357667722,NaN,-0.22555,1.91827,0.45421,3.79752,2.0,0.0,1.0
2024-11-21T02:00:00.0,-11.96253722876526,-0.07425156135364475,0.036127029108006574,0.4865490832703308,15.6312,-0.27967,0.62046,0.09782,4.0568,0.0,0.0,0.0
2024-11-21T02:30:00.0,-12.123200418342739,-0.011604828852871712,0.02114123132881121,1.8217615784639198,9.28899,-0.26307,0.55568,-0.1634,3.61188,0.0,0.0,0.0
2024-11-21T03:00:00.0,-12.611005711878105,0.08172939582890136,0.0037478974617091137,0.04585739835340582,-0.75695,-0.20895,0.37752,0.12859,3.71604,1.0,0.0,0.0
2024-11-21T03:30:00.0,-13.054262847246628,0.18289348956568632,-0.02282702093400178,0.12481046202469355,NaN,-0.13601,0.71443,0.06156,3.2523,2.0,0.0,0.0
2024-11-21T04:00:00.0,-13.283197005397122,0.14602541076029438,0.0010358411046499701,0.007093567477446361,-4.75452,-0.13093,0.5116,0.23984,3.01793,1.0,0.0,0.0
2024-11-21T04:30:00.0,-13.88896661406102,0.10739029421922225,0.02610665448959972,0.24310068874852545,NaN,-0.11647,0.5954,-0.16991,2.97536,2.0,0.0,0.0
2024-11-21T05:00:00.0,-14.233248206680273,-0.007544837121907308,0.043882155048167434,5.816183217627127,9.98334,-0.23782,0.42819,0.24517,3.17901,1.0,0.0,0.0
2024-11-21T05:30:00.0,-14.997059021169708,-0.0020125515631726756,0.07455258958057273,37.043815892619776,12.3211,-0.22026,0.4116,0.30106,3.30342,0.0,0.0,0.0
2024-11-21T06:00:00.0,-15.631703725278891,0.11989757870524308,0.05739880687950784,0.47873199358443597,-5.67357,-0.15047,0.89584,-0.21817,3.30146,1.0,0.0,0.0
2024-11-21T06:30:00.0,-15.706345372512653,0.184003284468236,0.025276997981827153,0.13737253688094167,-12.12028,-0.17511,0.59848,-0.0014,3.36043,0.0,0.0,0.0
2024-11-21T07:00:00.0,-15.421548508651703,0.25100807934187247,-0.025896461171714652,0.10316983118477126,-23.84091,-0.18523,0.80391,0.06056,3.4,0.0,0.0,0.0
2024-11-21T07:30:00.0,-14.821784821642863,0.08698154037026835,0.009914124955782904,0.11397964342295905,-26.41295,-0.23139,0.65101,-0.23019,3.4335,1.0,0.0,0.0
2024-11-21T08:00:00.0,-14.533213483875231,0.16033866864437074,-0.020537226688518404,0.12808654869194236,-18.08654,-0.22607,0.70493,-0.2422,3.43694,0.0,0.0,0.0
2024-11-21T08:30:00.0,-14.196519257659885,0.17855444471124934,-0.009356779729642868,0.05240295051055298,-28.2526,-0.22551,0.85029,-0.12205,3.56637,0.0,0.0,0.0
2024-11-21T09:00:00.0,-14.060190829862963,0.19998368764783808,-0.0230584065037512,0.1153014367069577,-21.31457,-0.29052,0.44433,-0.18297,3.35323,0.0,0.0,0.0
2024-11-21T09:30:00.0,-13.603527951384487,0.044871651615795975,0.01778211054848524,0.39628830025560013,NaN,-0.31627,0.6993,-0.19482,3.62859,2.0,0.0,0.0
2024-11-21T10:00:00.0,-13.322525660493532,0.029634938869113357,0.013463973692575418,0.45432770258244315,-4.94196,-0.37422,0.64187,-0.11362,3.97005,1.0,0.0,0.0
2024-11-21T10:30:00.0,-12.872755161730337,0.009070905465879069,0.0006951241264714275,0.07663227547527555,NaN,-0.52359,0.52388,-0.47641,4.49161,2.0,0.0,1.0
2024-11-21T11:00:00.0,-11.814803305606075,-0.01822196997765805,-0.0073332778674782525,0.40244155140578003,NaN,-0.66787,NaN,-0.57161,4.75639,2.0,0.0,2.0
2024-11-21T11:30:00.0,-11.587328481398705,-0.033899111678158865,0.01155896259573099,0.34098128309298464,NaN,-0.56408,0.28682,0.11607,4.6571,2.0,0.0,0.0
2024-11-21T12:00:00.0,-11.22927181132048,-0.014618455704375973,0.0012561843738557173,0.08593140063896652,-19.71527,-0.95665,0.94718,-0.43969,5.92938,1.0,0.0,0.0
2024-11-21T12:30:00.0,-10.77217055448142,-0.04163120042224164,0.009690296966975561,0.232765254633361,-5.25414,-1.14867,0.55465,0.01336,6.40807,1.0,0.0,1.0
2024-11-21T13:00:00.0,-10.665511335617637,-0.04803000456608898,0.011515185092284089,0.23974982297657846,-17.56277,-1.15673,0.38551,-0.12452,6.4439,0.0,0.0,0.0
2024-11-21T13:30:00.0,-10.583541250434516,-0.05885247451638021,0.026951888408005484,0.45795675762969074,-13.23697,-1.1755,NaN,0.05215,6.98965,1.0,0.0,2.0
2024-11-21T14:00:00.0,-10.941961660821635,-0.07023513796974527,0.03711836847789361,0.5284871582922333,-26.02832,-1.24861,0.38284,0.1514,6.97173,0.0,0.0,0.0
2024-11-21T14:30:00.0,-11.124279470569727,-0.0732342024871983,0.030337933664371246,0.41425908433527997,-36.09278,-1.28456,0.25752,-0.27538,6.55269,0.0,0.0,0.0
2024-11-21T15:00:00.0,-11.194604568002488,-0.0636630039969593,0.031157487694793384,0.48941277882962514,-36.76992,-0.98164,0.24241,-0.01474,6.2055,0.0,0.0,0.0
2024-11-21T15:30:00.0,-11.23694545893302,-0.06760186513534924,0.028766689244226932,0.42553099957570156,-33.68825,-0.9921,0.20298,-0.13488,6.33353,0.0,0.0,1.0
2024-11-21T16:00:00.0,-11.321627240794085,-0.07547958741212961,0.023985092343093952,0.3177692561053869,-30.92139,-1.12257,NaN,0.1832,6.4737,0.0,0.0,2.0
2024-11-21T16:30:00.0,-11.466329986198968,-0.07880486489077733,0.029122078309535535,0.3695467069183916,NaN,-1.38945,NaN,-0.2212,6.52875,2.0,0.0,2.0
2024-11-21T17:00:00.0,-11.365629958224085,-0.08562479631860123,0.027807071269333607,0.3247548895283359,-7.84395,-1.34899,0.35735,0.17522,6.30076,0.0,0.0,0.0
2024-11-21T17:30:00.0,-10.939450866359154,-0.09115302430386428,0.019491492187552504,0.2138326439129041,20.9071,-1.59522,0.37778,-0.00659,6.5281,0.0,0.0,0.0
2024-11-21T18:00:00.0,-10.313461638393195,-0.09355232273975152,0.00843185553782591,0.09012983634069743,NaN,-1.25938,0.55119,-0.22091,6.46074,2.0,0.0,1.0
2024-11-21T18:30:00.0,-9.302375176041984,-0.08770502225664098,-0.005034717511000167,0.05740512209514821,NaN,-1.11597,0.45435,-0.10972,6.47568,2.0,0.0,0.0
2024-11-21T19:00:00.0,-8.876835143086836,-0.07667180062316276,0.017954676846116843,0.23417575562576115,23.02023,-1.19095,0.17137,-0.30553,6.90046,1.0,0.0,0.0
2024-11-21T19:30:00.0,-8.78807921856006,-0.07562887424038724,0.02747215525732137,0.3632495595531518,21.59913,-1.31055,0.12173,0.06298,6.70547,0.0,0.0,0.0
2024-11-21T20:00:00.0,-8.688297743757914,-0.07468026768419253,0.025912401378460497,0.34697788561817566,NaN,-1.45928,1.22037,0.05543,7.79799,2.0,0.0,1.0
2024-11-21T20:30:00.0,-8.602516728351254,-0.08046296750502643,0.020266898779079792,0.2518785897103999,NaN,-1.2105,NaN,0.01267,6.70437,2.0,0.0,2.0
2024-11-21T21:00:00.0,-8.616801200276269,-0.08592881350053164,0.017295953533456806,0.20128235022528032,21.71206,-1.1137,NaN,-0.04515,6.61028,0.0,0.0,2.0
2024-11-21T21:30:00.0,-8.63134505083813,-0.07849146385102211,0.02146355631933691,0.27345083485861643,15.72999,-1.18649,0.175,-0.1873,6.75651,0.0,0.0,1.0
2024-11-21T22:00:00.0,-8.599446997743835,-0.07452024201930818,0.01816518135949609,0.24376170644735018,NaN,-1.08845,0.13092,0.36701,6.8239,2.0,0.0,1.0
2024-11-21T22:30:00.0,-8.567208417591608,-0.0848706615999768,0.01828492551095576,0.215444597299578,13.34542,-1.21291,0.18809,-0.01353,6.89504,0.0,0.0,0.0
2024-11-21T23:00:00.0,-8.54204973140693,-0.06556005368230235,0.02291041431048324,0.349456918102979,17.28591,-1.10346,0.24665,0.17515,6.32996,0.0,0.0,0.0
2024-11-21T23:30:00.0,-8.52462358118516,-0.08052132966926968,0.02092487032637035,0.25986742161755627,16.47958,-0.70171,0.10956,-0.10964,5.58607,0.0,0.0,0.0
2024-11-22T00:00:00.0,-8.539695389752463,-0.07222899043055345,0.02595813022229859,0.35938658518641137,NaN,-0.61211,NaN,0.27506,4.27147,2.0,0.0,2.0
2024-11-22T00:30:00.0,-8.509023814612418,-0.08966865849719195,0.01502595332039272,0.1675719651907502,NaN,-0.48177,NaN,-0.06483,4.16942,2.0,0.0,2.0
2024-11-22T01:00:00.0,-8.435084316278042,-0.06717944870823489,0.022620874682366704,0.33672313657426345,NaN,-0.32061,0.15252,0.2546,4.13772,2.0,0.0,1.0
2024-11-22T01:30:00.0,-8.466249771962229,-0.08725652341790799,0.018249029588002553,0.20914229530553627,NaN,-0.33624,0.1853,-0.16495,3.56781,2.0,0.0,0.0
2024-11-22T02:00:00.0,-8.493456350204744,-0.07584810363419445,0.030163623094279262,0.3976846044794277,NaN,-0.25576,0.14481,0.15933,3.76704,2.0,0.0,0.0
2024-11-22T02:30:00.0,-8.616097248222296,-0.08606062464171271,0.019351483512067235,0.22485873873947887,NaN,-0.26046,NaN,-0.11396,3.16302,2.0,0.0,2.0
2024-11-22T03:00:00.0,-8.737114352425017,-0.07498291334444444,0.022151025799904238,0.29541431256678996,NaN,-0.26043,0.26626,0.19332,2.98119,2.0,0.0,0.0
2024-11-22T03:30:00.0,-8.948192949020731,-0.06850809426478963,0.02533234837480485,0.36977161088284205,NaN,-0.23986,0.10933,-0.01914,2.90663,2.0,0.0,1.0
2024-11-22T04:00:00.0,-9.009453328439767,-0.0554489992158884,0.02798202316726278,0.5046443319619877,NaN,-0.29364,-0.05269,-0.10656,2.77571,2.0,0.0,1.0
2024-11-22T04:30:00.0,-8.98363399253431,-0.025874396707982403,0.027792063722737972,1.0741144628954367,NaN,-0.21915,0.20257,0.08466,1.98818,2.0,0.0,1.0
2024-11-22T05:00:00.0,-9.041333624528416,-0.03362340646018098,0.02481328786526871,0.7379766203836075,13.51128,-0.15692,NaN,0.14225,1.92638,0.0,0.0,2.0
2024-11-22T05:30:00.0,-9.224920509821725,-0.014075195570399985,0.007205128187151727,0.5119025274720906,7.12007,-0.13108,0.08233,-0.03182,2.11765,0.0,0.0,1.0
2024-11-22T06:00:00.0,-9.214124182866442,-0.055322212891945485,0.02557674521793538,0.46232324921440676,NaN,-0.04873,NaN,0.02094,1.72392,2.0,0.0,2.0
2024-11-22T06:30:00.0,-9.108926415892444,-0.07483713292757722,0.020857116394267964,0.2787000995141302,6.78067,-0.12388,NaN,0.13259,1.6721,1.0,0.0,2.0
2024-11-22T07:00:00.0,-8.83736904600042,-0.07272886266769595,0.02424245170147029,0.3333264238193303,21.23828,-0.16964,0.26646,0.12152,1.82421,0.0,0.0,1.0
2024-11-22T07:30:00.0,-8.62686170974335,-0.06795288642673268,0.015055808013955977,0.2215624501865607,14.65655,-0.24106,-0.83312,0.45398,1.82071,0.0,0.0,1.0
2024-11-22T08:00:00.0,-8.419787504949591,-0.0802849410094036,0.01896268925474223,0.23619235458516646,20.79115,-0.34781,NaN,0.14176,2.72177,0.0,0.0,2.0
2024-11-22T08:30:00.0,-8.466722990735489,-0.08405386618496337,0.018780701610704883,0.22343649927270823,NaN,-0.31177,NaN,0.00908,2.85286,2.0,0.0,2.0
2024-11-22T09:00:00.0,-8.466722990735489,-0.08405386618496337,0.018780701610704883,0.22343649927270823,18.04524,-0.25353,0.40703,0.10884,2.64327,0.0,0.0,1.0
2024-11-22T09:30:00.0,-8.373489455633498,-0.08035636153211402,0.02067830418352053,0.25733250970125804,16.25722,-0.29359,0.12046,-0.05383,2.77787,0.0,0.0,0.0
2024-11-22T10:00:00.0,-8.320486415283488,-0.08767712555822313,0.02298367785273651,0.26213995619044217,NaN,-0.24553,0.16233,0.24496,2.29088,2.0,0.0,0.0
2024-11-22T10:30:00.0,-8.21364225497095,-0.08767203138844222,0.019438966048614725,0.22172368702725598,NaN,-0.05933,0.07839,0.01173,1.92849,2.0,0.0,1.0
2024-11-22T11:00:00.0,-8.09615061741751,-0.10295016120073752,0.014778864710742507,0.14355358494219272,NaN,-0.03449,NaN,0.16673,1.54595,2.0,0.0,NaN
2024-11-22T11:30:00.0,-8.23611928463844,-0.12531284216730176,0.023617367908667065,0.1884672592226115,NaN,-0.15064,NaN,-0.04442,2.51076,2.0,0.0,NaN
2024-11-22T12:00:00.0,-7.973213802183939,-0.10366254252411308,0.025743018660007406,0.248334818278447,15.05532,-0.22953,NaN,0.19913,2.61228,1.0,0.0,NaN
2024-11-22T12:30:00.0,-7.400956243575379,-0.09108001120942316,0.0095857939610183,0.10524585838024744,11.4713,-0.33709,NaN,-0.20939,2.74078,0.0,0.0,NaN
2024-11-22T13:00:00.0,-7.180999740444984,-0.08979859836001139,0.013564688023215577,0.15105679009413278,NaN,-0.47076,NaN,-0.2229,3.67079,2.0,0.0,NaN
2024-11-22T13:30:00.0,-6.867440845111384,-0.09302754121529092,0.011634666452035137,0.12506690276924948,15.06666,-0.49909,NaN,-0.15326,3.70433,0.0,0.0,NaN
2024-11-22T14:00:00.0,-6.521290791941399,-0.0999912046971347,0.01519248872479816,0.1519382506772969,5.20714,-0.60939,NaN,-0.12337,4.64634,0.0,0.0,NaN
2024-11-22T14:30:00.0,-6.289453167253068,-0.08103867759348869,0.020640724741158002,0.2547021416698987,13.4191,-0.71013,NaN,-0.0026,4.53294,0.0,0.0,NaN
2024-11-22T15:00:00.0,-6.196916078389259,-0.08472921131983938,0.02656183254191641,0.3134908507722289,16.06379,-0.85692,NaN,-0.30754,4.93281,0.0,0.0,NaN
2024-11-22T15:30:00.0,-6.470910835071059,-0.08560546859676807,0.04131662210376723,0.48263998528392016,33.20186,-1.47326,NaN,-0.08435,4.79865,0.0,0.0,NaN
2024-11-22T16:00:00.0,-6.528705441408701,-0.09746952427348894,0.02096429084876747,0.2150855973190547,8.09883,-1.58096,NaN,-0.11386,5.83101,1.0,0.0,NaN
2024-11-22T16:30:00.0,-6.596361810784935,-0.08740674588534579,0.02349449014012259,0.26879492998104587,NaN,-1.62826,0.2177,0.02857,6.47069,2.0,0.0,1.0
2024-11-22T17:00:00.0,-6.901043413311103,-0.08461543809233639,0.023429784457209283,0.2768972776769363,4.22464,-1.71769,NaN,-0.08432,6.53591,1.0,0.0,2.0
2024-11-22T17:30:00.0,-6.942396339658139,-0.08995157075343123,0.021979712510355843,0.2443505135736323,4.59308,-1.62566,0.39859,-0.08294,7.0064,0.0,0.0,0.0
2024-11-22T18:00:00.0,-7.343515061178024,-0.08432176161249383,0.030356949025860912,0.3600132213243867,2.99321,-1.91097,NaN,0.08221,7.64173,1.0,0.0,2.0
2024-11-22T18:30:00.0,-7.314631999458966,-0.08394559762276092,0.028826306398257964,0.34339271164402346,11.98829,-1.5823,0.12608,0.02437,7.52817,0.0,0.0,1.0
2024-11-22T19:00:00.0,-7.4073375765555145,-0.08849809186481611,0.026063046715393598,0.2945040527563668,NaN,NaN,NaN,-0.06658,NaN,NaN,NaN,NaN
2024-11-22T19:30:00.0,-7.429114376156732,-0.07295640912270134,0.030506547870884106,0.4181476067383859,7.19716,-1.83158,NaN,0.11584,7.75412,0.0,0.0,2.0
2024-11-22T20:00:00.0,-7.621128209282168,-0.08166016715389597,0.028771370044178707,0.352330530868942,10.08079,-1.84597,NaN,-0.16965,7.30694,0.0,0.0,2.0
2024-11-22T20:30:00.0,-7.560352824988385,-0.08519678048666494,0.02273022492372511,0.26679675914846174,-13.61664,-1.62097,NaN,0.26438,7.48068,1.0,0.0,2.0
2024-11-22T21:00:00.0,-7.603938838173533,-0.08548846559522172,0.02148760924106343,0.25135097573051374,-12.5468,-1.8573,NaN,0.35293,7.26753,0.0,0.0,2.0
2024-11-22T21:30:00.0,-7.61560038907549,-0.0855750422831688,0.027837270828708967,0.32529660618332057,NaN,NaN,NaN,-0.03212,NaN,NaN,NaN,NaN
2024-11-22T22:00:00.0,-7.654059578863634,-0.08569162790656978,0.021364294373612844,0.2493160054901337,-10.94691,-2.00198,0.24227,-0.06605,7.61626,0.0,0.0,0.0
2024-11-22T22:30:00.0,-7.642585458909193,-0.09907170304179798,0.01929840900731662,0.1947923414536913,-4.63118,-1.3831,-0.63122,0.01952,7.54593,1.0,0.0,1.0
2024-11-22T23:00:00.0,-7.463332395029794,-0.07834873678872585,0.022243584419103173,0.28390482515480653,-15.08711,-1.38447,0.36992,-0.03583,7.24465,0.0,0.0,1.0
2024-11-22T23:30:00.0,-7.460741613715201,-0.07708735322427983,0.019461411489214018,0.2524591995342286,-15.02456,-1.77447,-0.35896,0.23071,7.33374,0.0,0.0,1.0
2024-11-23T00:00:00.0,-7.433101624680295,-0.0612106970296341,0.021972697533543584,0.3589682620818038,-27.07556,-1.82258,NaN,0.15461,7.61149,0.0,0.0,2.0
2024-11-23T00:30:00.0,-7.337932227464911,-0.05863180424835497,0.027115702953531447,0.46247430556074404,NaN,NaN,NaN,0.12251,NaN,NaN,NaN,NaN
2024-11-23T01:00:00.0,-7.119124249805616,-0.0699899647615959,0.019844989027006234,0.28354049176340423,-33.41293,-1.8982,0.14787,0.00485,7.04521,0.0,0.0,1.0
2024-11-23T01:30:00.0,-6.857160490714076,-0.06616176587312919,0.019720653743830183,0.2980672218097415,-27.35903,-1.58721,0.34519,0.11966,7.51079,1.0,0.0,1.0
2024-11-23T02:00:00.0,-6.652174928831274,-0.07167473814029504,0.014179124089473126,0.19782596291763388,NaN,NaN,NaN,-0.12782,NaN,NaN,NaN,NaN
2024-11-23T02:30:00.0,-6.648352237457266,-0.07140015530623602,0.012586824028144653,0.17628566736528278,-40.25798,-2.10989,0.50379,0.03895,7.58934,0.0,0.0,0.0
2024-11-23T03:00:00.0,-6.5698875556782825,-0.05545214794142444,0.017276954918535797,0.311565116229328,NaN,NaN,NaN,-0.20547,NaN,NaN,NaN,NaN
2024-11-23T03:30:00.0,-6.553583837051562,-0.0647312879105291,0.01343356789116918,0.20752820351322093,-36.35969,-1.89307,NaN,-0.10801,7.19725,0.0,0.0,2.0
2024-11-23T04:00:00.0,-6.566367819548566,-0.05913572858061297,0.01792538643556161,0.3031227798457912,-22.77305,-1.70287,0.29571,0.07738,7.04708,0.0,0.0,0.0
2024-11-23T04:30:00.0,-6.6100085719659,-0.061775081332906476,0.017016755840244376,0.2754631070178754,-19.82638,-1.74321,0.20845,-0.02769,6.84062,0.0,0.0,0.0
2024-11-23T05:00:00.0,-6.642769678018399,-0.07296736279177234,0.011318739725330046,0.1551205812060173,-20.37576,-1.77879,0.39402,-0.04717,6.81461,0.0,0.0,1.0
2024-11-23T05:30:00.0,-6.615366128643619,-0.06502102690982456,0.019659914611364515,0.3023624132948589,-12.04011,-1.56393,NaN,0.16975,6.44888,0.0,0.0,2.0
2024-11-23T06:00:00.0,-6.8337008875296545,-0.056865523629527584,0.02639895651518734,0.464234826837673,-26.64585,-1.6668,NaN,-0.04009,6.65436,0.0,0.0,2.0
2024-11-23T06:30:00.0,-6.840186582181834,-0.05928880740951691,0.03560136308607221,0.6004735909118245,-23.80743,-1.66661,0.1067,0.00776,7.22976,0.0,0.0,0.0
2024-11-23T07:00:00.0,-7.0027933918447225,-0.04241425122770197,0.031652616608054844,0.7462731438574025,-22.08135,-1.77993,1.4793,-0.23056,7.34819,0.0,0.0,1.0
2024-11-23T07:30:00.0,-6.96981077738341,-0.05612705031117941,0.016897177395301284,0.30105229655968035,-31.07804,-1.55491,0.64948,-0.11698,7.31964,0.0,0.0,1.0
2024-11-23T08:00:00.0,-6.819393816080924,-0.05316989573339602,0.01693313691030625,0.3184722609803905,-39.9261,-2.01674,NaN,-0.23857,7.30458,0.0,0.0,2.0
2024-11-23T08:30:00.0,-6.607290829455545,-0.05727871274323849,0.009072664243342368,0.15839504431623874,-34.9964,-2.14538,0.20282,0.21976,7.59642,0.0,0.0,1.0
2024-11-23T09:00:00.0,-6.435475628294414,-0.040457714958482716,0.021071462738410235,0.5208268128843547,-34.12321,-1.57467,0.08557,-0.00387,7.29307,0.0,0.0,1.0
2024-11-23T09:30:00.0,-6.273947947893375,-0.06204594085384695,0.030033344395836613,0.4840501083960031,-22.87339,-1.88331,0.47872,0.0117,7.01106,0.0,0.0,0.0
2024-11-23T10:00:00.0,-6.1791173024397015,-0.06054925533478165,0.03662513837806716,0.6048817310066632,-29.66794,-1.94549,NaN,-0.02378,7.17467,0.0,0.0,2.0
2024-11-23T10:30:00.0,-6.103006962315181,-0.037932311221719014,0.038267553356643697,1.008837904259647,-30.40124,-1.53221,NaN,0.07511,6.86907,0.0,0.0,2.0
2024-11-23T11:00:00.0,-5.9456958037350445,-0.04416169699875555,0.03947640306428053,0.8939059353944879,-23.65077,-1.61539,0.10099,0.04961,7.27782,0.0,0.0,0.0
2024-11-23T11:30:00.0,-5.787720501081804,-0.020035160705670504,0.05769833432383797,2.8798538315446476,-32.24609,-1.68819,0.18508,-0.02172,7.15919,0.0,0.0,1.0
2024-11-23T12:00:00.0,-5.5969517902109835,-0.007684226644641828,0.060581694918447164,7.883902664517381,NaN,NaN,NaN,-0.054,NaN,NaN,NaN,NaN
2024-11-23T12:30:00.0,-5.411441134469122,5.6597868816534084e-5,0.07601322780835884,1343.040460671072,-44.35005,-1.81747,0.17956,-0.1424,7.79629,0.0,0.0,1.0
2024-11-23T13:00:00.0,-5.399406957839377,0.03928440652878855,0.08171241604097809,2.0800216488213277,-50.76494,-1.90567,NaN,0.26448,7.4735,0.0,0.0,2.0
2024-11-23T13:30:00.0,-5.390616706429204,0.05946698751370172,0.10108826065409238,1.6999055254110653,-55.32761,-1.82094,NaN,0.06036,7.0046,0.0,0.0,2.0
2024-11-23T14:00:00.0,-5.42063906874746,0.07442717679542174,0.11440995262195446,1.5372066703058416,NaN,NaN,NaN,0.08474,NaN,NaN,NaN,NaN
2024-11-23T14:30:00.0,-5.408527488183057,0.06791197229174466,0.12043965834694406,1.7734672441781616,NaN,NaN,NaN,0.24053,NaN,NaN,NaN,NaN
2024-11-23T15:00:00.0,-5.456889796651516,0.062207570477059604,0.1269017572251696,2.039972888379677,-56.36025,-2.02306,NaN,0.07681,8.03272,0.0,0.0,2.0
2024-11-23T15:30:00.0,-5.527613660467939,0.0541196950538115,0.11091727167314304,2.0494807216274484,NaN,NaN,NaN,-0.15769,NaN,NaN,NaN,NaN
2024-11-23T16:00:00.0,-5.507839214424122,0.04669330595599767,0.10926842878315607,2.3401304865011543,-43.84334,-1.61742,0.19995,0.06177,7.35487,0.0,0.0,1.0
2024-11-23T16:30:00.0,-5.472101261498664,0.022221595509841378,0.10185696703918079,4.5836927863289985,-32.57354,-1.67303,0.57997,-0.16458,7.16925,0.0,0.0,0.0
2024-11-23T17:00:00.0,-5.376282651461489,0.022321009506202125,0.10938948752512562,4.900741048236667,-42.90134,-1.88296,0.15491,-0.06304,7.16916,0.0,0.0,1.0
2024-11-23T17:30:00.0,-5.350362722510572,0.009551722809139475,0.09661900623763271,10.115348630634857,-41.90229,-1.97128,NaN,-0.12752,7.25016,0.0,0.0,2.0
2024-11-23T18:00:00.0,-5.308237116498318,-0.00444856576935318,0.07346814478745652,16.5150182320759,-37.1573,-2.09187,NaN,-0.11345,7.97785,0.0,0.0,2.0
2024-11-23T18:30:00.0,-5.260336250451129,-0.0018613312049126942,0.07146086028263168,38.39233989846721,-29.85534,-2.0183,0.2134,0.04081,7.8466,0.0,0.0,0.0
2024-11-23T19:00:00.0,-5.239361444469268,-0.009223064718171876,0.05842483601321451,6.334644480820148,-34.07435,-1.98404,0.19839,-0.09516,8.31614,0.0,0.0,0.0
2024-11-23T19:30:00.0,-5.2191020274403614,-0.029196460465399383,0.05053824507519482,1.730971640726365,NaN,NaN,NaN,-0.01179,NaN,NaN,NaN,NaN
2024-11-23T20:00:00.0,-5.208398375124063,-0.03847256761999594,0.042827672466937396,1.1132002649253363,NaN,NaN,NaN,-0.02787,NaN,NaN,NaN,NaN
2024-11-23T20:30:00.0,-5.175213696878324,-0.036165003808214594,0.030755966912286166,0.8504344994787528,NaN,NaN,NaN,-0.06237,NaN,NaN,NaN,NaN
2024-11-23T21:00:00.0,-5.154053970390431,-0.04510932202229936,0.03602573045399722,0.7986316095858911,NaN,NaN,NaN,0.07315,NaN,NaN,NaN,NaN
2024-11-23T21:30:00.0,-5.12285443724494,-0.06340397967814494,0.024227896442042804,0.3821194910008787,NaN,NaN,NaN,-0.35674,NaN,NaN,NaN,NaN
2024-11-23T22:00:00.0,-5.069614957234806,-0.06279442339155585,0.020703381269554146,0.329700953545792,-13.29883,-1.99088,0.34799,0.1185,7.19552,0.0,0.0,0.0
2024-11-23T22:30:00.0,-4.981909242339497,-0.05518204360943376,0.02353508305783932,0.42649893911895337,-7.53187,-1.8136,0.23489,0.09603,7.15911,0.0,0.0,1.0
2024-11-23T23:00:00.0,-4.963955134112286,-0.07099830918560729,0.020683881963676976,0.2913292189762456,-5.59637,-1.9624,0.18602,-0.08152,7.64458,0.0,0.0,1.0
2024-11-23T23:30:00.0,-4.954010148941987,-0.07946574790947881,0.020880982840181788,0.262767083800278,-2.7257,-1.84785,0.37373,-0.11895,7.01353,1.0,0.0,0.0
2024-11-24T00:00:00.0,-4.896109558492313,-0.08299828442517235,0.018736814124516613,0.22574941463288814,NaN,-1.81397,0.44935,-0.14532,7.34237,2.0,0.0,0.0
2024-11-24T00:30:00.0,-4.7724084739276895,-0.07329571755887294,0.025661746630774366,0.3501124961381572,-10.07066,-2.19222,0.23538,0.04396,7.30446,0.0,0.0,1.0
2024-11-24T01:00:00.0,-4.712106308407161,-0.0736296736586991,0.020152273533025393,0.27369771630984907,-5.17377,-2.04531,NaN,-0.11969,7.29251,1.0,0.0,2.0
2024-11-24T01:30:00.0,-4.628187747441187,-0.09797963495913047,0.01177461666518422,0.12017412261329286,9.05831,-1.9918,0.24873,0.00978,6.82816,0.0,0.0,1.0
2024-11-24T02:00:00.0,-4.528001005293168,-0.09992097798017084,0.01235523148743019,0.12365002562206773,NaN,-1.74958,0.20274,-0.15862,6.8234,2.0,0.0,1.0
2024-11-24T02:30:00.0,-4.482479129994626,-0.10074790474318382,0.016843250017265016,0.16718213703997215,NaN,-1.53651,0.46899,-0.09989,6.42468,2.0,0.0,1.0
2024-11-24T03:00:00.0,-4.462028787665875,-0.08716272118734653,0.02650141265386914,0.30404526491213274,23.51828,-1.851,0.32164,0.08075,6.08118,0.0,0.0,0.0
2024-11-24T03:30:00.0,-4.508684531458444,-0.09339713178162112,0.027360514390790364,0.2929481223766491,17.99895,-1.69916,0.33881,-0.10207,6.22514,0.0,0.0,0.0
2024-11-24T04:00:00.0,-4.589838036117405,-0.10255838462320474,0.018915563294972,0.18443702447602892,18.20917,-1.50351,0.21761,0.01511,5.5923,0.0,0.0,1.0
2024-11-24T04:30:00.0,-4.739916245658184,-0.10443333193877305,0.017430815217724036,0.166908542455998,9.44683,-1.25632,0.18685,-0.13389,5.82851,0.0,0.0,0.0
2024-11-24T05:00:00.0,-4.86118727225243,-0.09982559069194916,0.030554194839587302,0.3060757730337324,16.34695,-1.76898,0.2611,0.13839,6.20282,0.0,0.0,0.0
2024-11-24T05:30:00.0,-5.133976277929626,-0.07368989537176811,0.0240058248943098,0.3257682043542004,-3.36633,-1.64433,0.30333,0.08396,5.96647,1.0,0.0,0.0
2024-11-24T06:00:00.0,-5.386237876796414,-0.060648731801060375,0.01631802941730084,0.26905804841603526,NaN,-1.26406,0.28967,-0.04266,6.09843,2.0,0.0,0.0
2024-11-24T06:30:00.0,-5.733041645853259,-0.04270185470584106,0.027468452327955407,0.6432613411566426,-16.93752,-1.49945,0.31813,0.06907,6.53223,0.0,0.0,0.0
2024-11-24T07:00:00.0,-5.7581648749735335,-0.04582512097620914,0.012506800883831787,0.2729245579149676,-8.03291,-1.53686,0.18253,-0.00757,6.83548,0.0,0.0,1.0
2024-11-24T07:30:00.0,-5.708148430776717,-0.09694762449746977,0.018456536998011995,0.1903763717128901,8.86451,-1.86014,NaN,0.13713,6.25071,0.0,0.0,2.0
2024-11-24T08:00:00.0,-5.540265399453961,-0.0850965448342477,0.03271560572909939,0.38445280936873905,20.02419,-1.7464,0.37779,0.02547,5.83119,0.0,0.0,0.0
2024-11-24T08:30:00.0,-5.498411222704785,-0.1071309781342117,0.014753311729242768,0.1377128444655858,7.79235,-1.48383,0.44766,-0.0991,6.37549,0.0,0.0,0.0
2024-11-24T09:00:00.0,-5.34574223184941,-0.10399464725419702,0.013455886876600875,0.1293901872055999,7.52301,-1.08146,0.45393,0.27027,6.11995,0.0,0.0,1.0
2024-11-24T09:30:00.0,-5.055010620022745,-0.11236961881768881,0.011256751607504724,0.10017611277802722,10.00125,-1.07244,NaN,-0.03769,5.65741,1.0,0.0,2.0
2024-11-24T10:00:00.0,-4.6036000062823,-0.0895060545124579,0.01189367163677753,0.132881196714152,7.08148,-1.06472,0.17649,-0.05449,5.46787,0.0,0.0,1.0
2024-11-24T10:30:00.0,-4.589826074810092,-0.03832510648198611,-0.0018649419300927554,0.04866110237604509,-12.82217,-0.93679,NaN,-0.04381,5.65988,0.0,0.0,2.0
2024-11-24T11:00:00.0,-4.975980207561085,0.039747971865526095,-0.010033678431529644,0.25243246285559484,-21.06776,-0.70706,0.16506,0.13626,4.87197,1.0,0.0,1.0
2024-11-24T11:30:00.0,-5.484265561738158,0.029466920262821845,-0.009837559448334997,0.3338509542426447,-24.22677,-0.80932,0.30135,0.16706,5.40419,0.0,0.0,0.0
2024-11-24T12:00:00.0,-5.7479518672150105,-0.015031933108072056,0.007223790911524296,0.48056300274814057,-20.27397,-1.05075,NaN,0.04577,5.62328,0.0,0.0,2.0
2024-11-24T12:30:00.0,-6.101968398951126,0.013434515730356958,-0.01743772259947635,1.2979792461051385,-14.94165,-0.82723,0.45905,-0.02978,5.59382,0.0,0.0,1.0
2024-11-24T13:00:00.0,-6.196979284849372,0.013039151659355444,-0.015165592438484199,1.1630812214384405,-17.89842,-0.95148,0.39301,0.03093,5.85552,0.0,0.0,0.0
2024-11-24T13:30:00.0,-6.198113153343403,0.005977814302068056,-0.009818472171728434,1.6424853091089968,-28.15383,-0.95388,0.40239,-0.14826,5.61866,0.0,0.0,0.0
2024-11-24T14:00:00.0,-6.1496800587545755,0.008910084314494957,-0.01484730664245725,1.6663486133687422,-28.75266,-0.86671,0.30764,-0.00209,5.95557,0.0,0.0,0.0
2024-11-24T14:30:00.0,-6.074242120562662,0.030607383253796725,-0.0026833673944995783,0.08767059151215474,-26.57458,-0.94572,0.30805,0.0783,5.31804,0.0,0.0,0.0
2024-11-24T15:00:00.0,-6.311734526653437,0.012334746254201731,-0.0020355855283766167,0.165028569410839,-24.86952,-0.9314,0.39178,-0.07566,5.59472,0.0,0.0,0.0
2024-11-24T15:30:00.0,-6.672064690076389,0.018837766865136,-0.0012895068632717511,0.06845327646868303,NaN,-0.99284,0.24323,0.14164,5.73141,2.0,0.0,1.0
2024-11-24T16:00:00.0,-6.658317126754472,0.024439840665416525,-0.02246672360609675,0.9192663697635384,-32.44119,-1.02266,0.32312,-0.32319,5.83181,0.0,0.0,0.0
2024-11-24T16:30:00.0,-6.580083178256205,0.037317001938465794,-0.02036379471701911,0.5456975013855124,-24.57629,-0.98905,0.19075,0.00741,6.00429,0.0,0.0,1.0
2024-11-24T17:00:00.0,-6.454901121363928,0.04613337102957346,-0.019942659335534057,0.4322827248576732,-29.59669,-0.92881,0.36935,0.10024,5.66641,0.0,0.0,0.0
2024-11-24T17:30:00.0,-6.60222942454573,0.05589720298006569,-0.007639500870499874,0.13667053919002542,-22.12775,-1.00368,0.48102,-0.15157,5.06712,0.0,0.0,0.0
2024-11-24T18:00:00.0,-6.545995954384246,0.038445714957718015,-0.039895548054905416,1.037711175322969,-24.41422,-0.72631,NaN,-0.09621,4.88442,1.0,0.0,2.0
2024-11-24T18:30:00.0,-6.3346945429143044,0.04541472100784666,-0.0018269571464824105,0.040228302760392444,-36.56182,-0.80972,0.55835,0.13245,4.78675,0.0,0.0,0.0
2024-11-24T19:00:00.0,-6.345970028257893,0.008402768850430993,-0.00580460048783654,0.6907961638786259,-26.88559,-0.83833,0.55434,-0.10123,4.67848,0.0,0.0,0.0
2024-11-24T19:30:00.0,-6.294118961092448,0.0690139009735016,-0.01851242726003128,0.2682420063044873,-26.46504,-0.83305,0.23314,0.09389,4.86633,0.0,0.0,1.0
2024-11-24T20:00:00.0,-6.223392545795942,0.0428060252794562,-0.021645456686290237,0.5056637831935892,-32.43292,-0.74459,0.52724,-0.38725,4.60746,0.0,0.0,0.0
2024-11-24T20:30:00.0,-6.2746667845597885,0.005913866424015319,0.03141918527454777,5.31279927915842,NaN,-0.72137,NaN,0.00248,4.65404,2.0,0.0,2.0
2024-11-24T21:00:00.0,-6.70022343638499,0.028767501960520723,0.010476303155402811,0.36417145881418683,-28.20808,-0.65462,0.22019,0.04958,4.78855,0.0,0.0,0.0
2024-11-24T21:30:00.0,-6.939051839932985,0.03373362741639411,0.0006862041999578267,0.02034184440017679,-27.51256,-0.6794,0.35969,0.21743,4.65914,0.0,0.0,0.0
2024-11-24T22:00:00.0,-7.042946741354084,-0.0031949901880989487,0.00884469484513121,2.7683010977864355,-24.89008,-0.66211,0.28922,-0.03583,3.78305,0.0,0.0,1.0
2024-11-24T22:30:00.0,-6.774304150283439,0.021382618524467285,-0.013182914073297443,0.6165247749340313,-39.48078,-0.792,0.46766,-0.13273,4.34713,0.0,0.0,0.0
2024-11-24T23:00:00.0,-6.427268381475781,0.06285064181223186,-0.028823057515248933,0.4585960729145561,-51.28706,-1.09292,NaN,-0.14481,5.69095,0.0,0.0,2.0
2024-11-24T23:30:00.0,-6.278579357625169,-0.0018101551049679843,-0.0019341047958635511,1.0684746243873722,-42.56193,-1.32384,0.39628,-0.21867,6.59915,0.0,0.0,0.0
2024-11-25T00:00:00.0,-6.752990561483207,-0.00747121846674099,0.015916582559537488,2.1303864463864937,-38.43866,-1.77265,0.67492,0.15265,6.81285,0.0,0.0,0.0
2024-11-25T00:30:00.0,-6.7967861032299695,-0.06560840459147133,0.009383247066414253,0.14301897942560268,-4.89546,-1.75682,0.34445,-0.00278,6.71796,0.0,0.0,1.0
2024-11-25T01:00:00.0,-6.158433134424935,-0.0843817237882986,-0.01764508315960842,0.20911024766307632,NaN,-1.31993,0.46282,-0.18215,6.95689,2.0,0.0,0.0
2024-11-25T01:30:00.0,-5.487964438583852,-0.08845465311979142,-0.008408276879991926,0.09505748520210525,NaN,-1.31028,0.35332,0.04199,6.11369,2.0,0.0,0.0
2024-11-25T02:00:00.0,-5.212552237609353,-0.08195391428274039,0.005487538129040063,0.06695882895975044,10.91058,-1.26036,0.36863,-0.01071,5.72614,0.0,0.0,0.0
2024-11-25T02:30:00.0,-5.109718514931181,-0.07360223197857386,0.0063200153229160646,0.08586716941893645,2.31294,-1.25519,0.38698,-0.05165,6.1512,1.0,0.0,0.0
2024-11-25T03:00:00.0,-4.735072603736088,-0.10294802775861979,0.023095097920939917,0.2243374489416207,-21.36432,-1.08536,NaN,0.08709,5.63771,0.0,0.0,2.0
2024-11-25T03:30:00.0,-4.566462496427307,-0.041509172569885636,0.013397389865078423,0.3227573337561071,-16.08503,-0.78124,0.16895,0.05088,4.61959,0.0,0.0,0.0
2024-11-25T04:00:00.0,-4.74160678269255,-0.048345175262062716,0.020268075197123796,0.4192367715549167,NaN,-1.09484,NaN,-0.13184,4.58562,2.0,0.0,2.0
2024-11-25T04:30:00.0,-4.995275946214282,-0.054103687267330794,0.019597325423599498,0.3622179266039206,-4.44753,-1.25152,NaN,0.27379,5.65712,1.0,0.0,2.0
2024-11-25T05:00:00.0,-5.130286003996702,-0.05727713186747231,0.024390154197470912,0.42582708669674296,NaN,-1.23164,0.34693,-0.05656,5.82735,2.0,0.0,0.0
2024-11-25T05:30:00.0,-5.2224048875936795,-0.08639408786747856,0.020244521230870106,0.23432762276422828,NaN,-1.46463,0.832,0.25989,5.76456,2.0,0.0,1.0
2024-11-25T06:00:00.0,-5.260572559036513,-0.09529598339278339,0.018735776507429382,0.1966061510715069,3.04331,-1.70536,NaN,0.10351,6.34574,1.0,0.0,2.0
2024-11-25T06:30:00.0,-5.061369079204919,-0.08430075272278166,0.013324077741862032,0.15805407794729331,10.25704,-1.52366,1.54947,0.01704,6.20231,1.0,0.0,1.0
2024-11-25T07:00:00.0,-4.967431592048955,-0.08073505921111385,0.01727721029328797,0.21399885578964958,5.55177,-1.6866,NaN,0.09277,6.15537,0.0,0.0,2.0
2024-11-25T07:30:00.0,-4.85187435662553,-0.08821060303481648,0.012739726497108665,0.14442398145810578,10.12937,-1.54265,0.35032,-0.1263,6.3181,0.0,0.0,1.0
2024-11-25T08:00:00.0,-4.702689305382459,-0.08426664772664554,0.011585813143552252,0.13748990206820297,1.47221,-1.74283,NaN,0.28516,6.12787,1.0,0.0,2.0
2024-11-25T08:30:00.0,-4.644733975700605,-0.085451516598601,0.009107659340540666,0.10658277000890322,8.97117,-1.50087,0.69287,0.04689,5.50159,0.0,0.0,1.0
2024-11-25T09:00:00.0,-4.493249322035251,-0.09052416568241867,0.01133544698614502,0.12522012106593275,3.1794,-1.18674,NaN,0.0791,5.13183,1.0,0.0,2.0
2024-11-25T09:30:00.0,-4.242747930686325,-0.08266024107519293,0.0075709210439340955,0.09159084156368612,7.223,-1.22418,NaN,0.05263,4.94923,0.0,0.0,2.0
2024-11-25T10:00:00.0,-3.9446732776286866,-0.08625034345247876,0.01358286112172788,0.15748182068644875,2.38353,-1.06636,0.26831,0.18001,4.56259,0.0,0.0,1.0
2024-11-25T10:30:00.0,-3.6096760601813296,-0.0788460114624132,0.006684965187785089,0.08478507744138572,-25.74024,-1.44126,NaN,0.13345,5.29551,1.0,0.0,2.0
2024-11-25T11:00:00.0,-3.1878952057667482,-0.07304341481052015,0.011679021413653333,0.15989150348391504,NaN,-1.66648,0.83577,0.02606,5.58671,2.0,0.0,1.0
2024-11-25T11:30:00.0,-2.9059074771105746,-0.06803204254043314,0.004394223271066888,0.06459049452256693,-16.58183,-1.87803,0.29989,0.15945,5.95466,0.0,0.0,1.0
2024-11-25T12:00:00.0,-2.6233427575961907,-0.06638746643674887,0.004326873774103383,0.06517606419316879,-10.46392,-1.85861,0.49909,-0.13147,6.52842,0.0,0.0,0.0
2024-11-25T12:30:00.0,-2.276725531485365,-0.062349963514131815,0.004642009206475044,0.07445087286094271,-29.57432,-2.07357,NaN,-0.08208,6.86216,0.0,0.0,2.0
2024-11-25T13:00:00.0,-2.035586088616109,-0.06358921998684292,0.010608845851071637,0.1668340302533462,-27.76953,-2.19312,0.238,0.06296,6.94739,0.0,0.0,0.0
2024-11-25T13:30:00.0,-1.8547268254709155,-0.07445860545043803,0.0004934468517223279,0.0066271299165115505,-15.83149,-1.57687,0.44632,0.18936,6.34918,0.0,0.0,1.0
2024-11-25T14:00:00.0,-1.7722748951683716,-0.07025631017869272,0.013717428079453467,0.19524834202883712,-8.87201,-1.59574,0.37671,0.094,6.06411,0.0,0.0,1.0
2024-11-25T14:30:00.0,-1.518818982195958,-0.06902899452744078,0.007307027359342628,0.10585446607422189,-7.56884,-1.39297,NaN,0.20157,6.60977,0.0,0.0,2.0
2024-11-25T15:00:00.0,-1.2189179454892962,-0.07843304406377068,0.017232340458999334,0.2197076584836925,-4.08225,-1.61999,NaN,0.25371,6.06156,1.0,0.0,2.0
2024-11-25T15:30:00.0,-1.0548295739116635,-0.09102445596272182,0.01420301532740791,0.15603515755397226,NaN,-2.16301,0.49414,0.28138,6.78287,2.0,0.0,0.0
2024-11-25T16:00:00.0,-1.0320971118920244,-0.08499552653661964,0.03173682745549371,0.37339409200342033,7.85942,-2.05261,0.42419,0.00757,7.00579,0.0,0.0,0.0
2024-11-25T16:30:00.0,-1.1220849464782194,-0.08505165218900669,0.021029476175726737,0.2472553517125549,4.10965,-1.61214,0.34395,0.07554,6.23836,1.0,0.0,1.0
2024-11-25T17:00:00.0,-1.2062119154754392,-0.09279991992938663,0.016356327961264946,0.17625368614230286,-1.18145,-1.71927,0.36669,-0.0841,6.53921,1.0,0.0,1.0
2024-11-25T17:30:00.0,-1.3455617994655789,-0.090843351390566,0.007247206705312432,0.0797769632491239,-6.31603,-1.99411,0.36711,-0.0351,6.45172,0.0,0.0,0.0
2024-11-25T18:00:00.0,-1.5493753073134688,-0.08835497966040534,0.022255410673759284,0.2518863199255835,-1.27485,-2.04171,0.34362,0.05395,6.33884,0.0,0.0,0.0
2024-11-25T18:30:00.0,-1.6803941854891407,-0.08301081345808206,0.022298091268408433,0.26861670593877857,NaN,-1.45835,0.49254,0.0565,7.03918,2.0,0.0,0.0
2024-11-25T19:00:00.0,-1.77063594246686,-0.0895369091609128,0.021914577322667037,0.24475467746248508,8.96395,-1.85666,0.57182,0.01588,6.38201,0.0,0.0,0.0
2024-11-25T19:30:00.0,-1.8683413817646526,-0.09102951786290095,0.01921975974522265,0.21113766387480404,NaN,-1.58689,NaN,-0.07636,5.97356,2.0,0.0,2.0
2024-11-25T20:00:00.0,-2.0438150566032443,-0.10108209555050239,0.007811306049445365,0.07727685112684174,NaN,-1.33437,0.56128,-0.23299,6.05385,2.0,0.0,1.0
2024-11-25T20:30:00.0,-2.000581007375003,-0.0992122424047147,0.01284076593081615,0.1294272321598684,4.50173,-1.06296,0.27089,0.21104,5.56374,0.0,0.0,0.0
2024-11-25T21:00:00.0,-1.8483791894604722,-0.10707707792915984,0.014786027918565764,0.13808770471256154,NaN,-1.19468,0.35507,-0.06132,5.0309,2.0,0.0,1.0
2024-11-25T21:30:00.0,-1.7788643619055051,-0.07251545502522289,0.015170713982011889,0.20920663018297403,NaN,NaN,NaN,-0.00478,NaN,NaN,NaN,NaN
2024-11-25T22:00:00.0,-1.755673612363922,-0.10252458368710457,0.01754928760143043,0.17117150804522369,NaN,-1.0993,0.57977,-0.12821,4.37195,2.0,0.0,0.0
2024-11-25T22:30:00.0,-1.7574449173277584,-0.11342626674266118,0.02443003515292702,0.2153825198915636,NaN,-1.07899,0.31976,-0.10094,4.97076,2.0,0.0,1.0
2024-11-25T23:00:00.0,-1.660475569792408,-0.11591973264260251,0.012966542988602706,0.11185794422577262,NaN,-0.73651,0.36334,0.05639,4.13538,2.0,0.0,0.0
2024-11-25T23:30:00.0,-1.552191365663454,-0.112060375012073,0.02563567090485862,0.2287665992737997,NaN,-0.65034,0.52303,0.01071,3.65944,2.0,0.0,0.0
2024-11-26T00:00:00.0,-1.4745728678385261,-0.11298764452800274,0.007680518336981483,0.06797662141791046,NaN,-0.8213,0.32522,-0.1866,3.83191,2.0,0.0,0.0
2024-11-26T00:30:00.0,-1.4862344187404808,-0.11307422121595,0.01403017992462702,0.12407938585605711,NaN,-0.73309,0.30481,0.18138,3.59653,2.0,0.0,1.0
2024-11-26T01:00:00.0,-1.49493571749938,-0.11191340770565451,0.01894609426738088,0.16929244364724688,NaN,-0.26891,0.35436,0.00964,2.25864,2.0,0.0,0.0
2024-11-26T01:30:00.0,-1.5398201563281129,-0.10724613524437264,0.012924448452805602,0.12051202053440678,NaN,-0.20193,0.43728,0.16781,1.8887,2.0,0.0,0.0
2024-11-26T02:00:00.0,-1.4913383683395238,-0.08776237395080388,0.004850614077042144,0.055269859493103576,3.34025,-0.30991,0.26506,-0.35366,2.92453,0.0,0.0,1.0
2024-11-26T02:30:00.0,-1.3413377718288866,-0.11372204102927407,0.0210792738616542,0.1853578573763728,18.61382,-0.23105,0.17321,0.01417,1.89796,0.0,0.0,1.0
2024-11-26T03:00:00.0,-1.0711335668126274,-0.10900248084329253,0.0200195641242893,0.1836615457685815,11.75223,-0.13893,0.20382,-0.08041,1.67558,0.0,0.0,0.0
2024-11-26T03:30:00.0,-0.8191408867674375,-0.11502855261147019,0.01030636301913861,0.08959830220545521,15.05021,-0.23591,0.29419,-0.15171,2.16692,0.0,0.0,0.0
2024-11-26T04:00:00.0,-0.6654403547211202,-0.09642813413589751,0.014847481123358826,0.15397457657361766,NaN,-0.35976,0.2917,-0.10569,2.43256,2.0,0.0,1.0
2024-11-26T04:30:00.0,-0.5364842998546007,-0.10388867349187328,0.016721316348550067,0.16095418091807762,NaN,-0.31958,0.27275,-0.11156,2.2002,2.0,0.0,1.0
2024-11-26T05:00:00.0,-0.44106098024769513,-0.0948398106601499,0.011540484434512522,0.12168396746242809,NaN,-0.15028,0.12047,0.10704,2.24364,2.0,0.0,1.0
2024-11-26T05:30:00.0,-0.21533991883608833,-0.059261262844358,0.016411447046048046,0.2769338056320294,NaN,-0.34357,0.32385,0.11329,2.5912,2.0,0.0,0.0
2024-11-26T06:00:00.0,-0.04139001185523098,-0.020373276666126795,0.01053769048090214,0.5172310106808893,NaN,-0.2118,NaN,-0.00519,2.61767,2.0,0.0,2.0
2024-11-26T06:30:00.0,-0.08172427869216738,-0.031227406411625493,0.0031963409089766906,0.10235691260567643,-4.90977,-0.20531,0.49089,0.06935,2.26138,1.0,0.0,0.0
2024-11-26T07:00:00.0,-0.03521782134483026,0.0007994021064758112,0.01796276092005749,22.47024466728875,-7.33404,-0.2452,0.82906,0.0885,2.36831,0.0,0.0,0.0
2024-11-26T07:30:00.0,-0.14033275227900133,-0.047826381650282405,0.016568978162593905,0.3464401359849908,NaN,-0.24347,0.45009,-0.03803,3.09304,2.0,0.0,0.0
2024-11-26T08:00:00.0,-0.12354437798004331,-0.04756470547718006,0.0049889558025150325,0.10488776819838747,NaN,-0.25576,0.21989,0.24078,3.39503,2.0,0.0,1.0
2024-11-26T08:30:00.0,-0.08844070662506319,-0.03672153628337739,0.009811545478547724,0.2671877723969049,-9.43802,-0.45457,0.78846,-0.10261,3.65096,0.0,0.0,0.0
2024-11-26T09:00:00.0,0.3356005622201763,0.11209156261466693,-0.03608091579265671,0.32188788300410043,-21.2062,-0.37745,NaN,-0.38116,3.51603,1.0,0.0,2.0
2024-11-26T09:30:00.0,1.1141875733918012,0.113874694257622,-0.030325476893063575,0.2663056712535041,-62.31486,-0.80136,0.33453,-0.03289,4.31835,0.0,0.0,1.0
2024-11-26T10:00:00.0,1.4104304517338506,0.08915124202682614,-0.018310931709436987,0.20539177349797458,-36.91792,-0.62701,0.43778,0.17431,4.56527,0.0,0.0,0.0
2024-11-26T10:30:00.0,1.5338022129038857,0.04931677118968769,-0.01656387080078064,0.3358668947946901,-30.93715,-0.61765,0.63022,-0.24251,4.40131,0.0,0.0,0.0
2024-11-26T11:00:00.0,1.6162520846973139,0.037086588165285164,-0.031429617356184505,0.8474658605992811,-22.18432,-0.71347,0.25677,-0.16837,4.1646,0.0,0.0,1.0
2024-11-26T11:30:00.0,1.616180202186739,0.01713597292546258,-0.015473578115811725,0.9029880114259121,-21.39016,-0.88175,0.65823,0.00726,4.24008,0.0,0.0,0.0
2024-11-26T12:00:00.0,1.5461334051628743,0.011041116611001957,0.0007568875202115394,0.06855171871451264,-26.56043,-1.19666,0.57298,-0.1445,4.78672,0.0,0.0,0.0
2024-11-26T12:30:00.0,1.4428454064262177,0.0111157153945489,-0.0006698457544171772,0.06026114655163506,-19.3784,-1.08826,0.76122,0.01985,4.90988,0.0,0.0,0.0
2024-11-26T13:00:00.0,1.1489827303790425,-0.029110212233360522,0.005200300742949193,0.17864180107177677,-12.9917,-1.03278,0.63988,-0.2049,4.75936,0.0,0.0,0.0
2024-11-26T13:30:00.0,0.7083374661611492,-0.034630482912562544,0.01604083833346568,0.46319996096983995,-10.27749,-1.34678,0.81665,-0.03443,6.04424,0.0,0.0,0.0
2024-11-26T14:00:00.0,0.392683333535686,-0.06489296380372213,0.009757757730843943,0.15036696059002097,NaN,-0.92197,NaN,0.13726,5.22234,2.0,0.0,2.0
2024-11-26T14:30:00.0,0.11022105445739509,-0.07672527042407225,0.011549882998522635,0.150535578886652,NaN,-0.8285,0.84667,0.50434,4.46693,2.0,0.0,1.0
2024-11-26T15:00:00.0,-0.3594935818967004,-0.07034108494082068,0.02044475416615039,0.2906516750964384,15.83002,-1.13933,0.89324,0.03694,5.31074,1.0,0.0,0.0
2024-11-26T15:30:00.0,-0.6436250301260124,-0.14111905263064398,0.036345880209420804,0.25755473504027976,NaN,-0.87286,0.61071,0.01503,4.78965,2.0,0.0,0.0
2024-11-26T16:00:00.0,-1.9196577195473565,-0.10416266193753841,0.07409409288975424,0.7113306391323321,36.8759,-0.54281,1.04367,0.59668,2.73188,1.0,0.0,1.0
2024-11-26T16:30:00.0,-3.00993466561524,-0.18146340489071586,0.040731878141171504,0.22446331901300864,42.86647,-0.50101,NaN,-1.22013,3.21971,0.0,0.0,2.0
2024-11-26T17:00:00.0,-3.5412663254067405,-0.15996069306856836,0.028893556345612654,0.1806291020083741,50.73692,-0.59727,1.26439,-0.71872,2.88609,0.0,0.0,1.0
2024-11-26T17:30:00.0,-3.8367243775479793,-0.16404466259599576,0.03146437005291426,0.19180368050378915,22.64059,-0.34569,0.50815,-0.29657,2.7639,0.0,0.0,0.0
2024-11-26T18:00:00.0,-3.976026688668724,-0.17128387475139528,0.027070334163769146,0.158043681596178,21.31827,-0.25741,NaN,-0.18794,2.2115,0.0,0.0,2.0
2024-11-26T18:30:00.0,-4.046966354514544,-0.1496071954113668,0.02312221309639417,0.1545528143403549,NaN,-0.24957,NaN,0.03786,2.48963,2.0,0.0,2.0
2024-11-26T19:00:00.0,-4.087791322856138,-0.15579831766166716,0.02080648403949195,0.1335475527064129,NaN,-0.29471,NaN,0.05604,2.75933,2.0,0.0,2.0
2024-11-26T19:30:00.0,-4.239960726787957,-0.11655843154443608,0.028990840045386098,0.24872366298386395,NaN,-0.29002,0.4872,0.10405,2.74101,2.0,0.0,0.0
2024-11-26T20:00:00.0,-4.404964840985507,-0.10168243074129697,0.026251505093597804,0.2581714943497717,4.50453,-0.25049,NaN,0.11257,2.87286,0.0,0.0,2.0
2024-11-26T20:30:00.0,-4.885398787386774,-0.00047408075175513274,-0.0037846091201373605,7.983047415711464,NaN,-0.24487,0.4522,-0.03691,2.83987,2.0,0.0,0.0
2024-11-26T21:00:00.0,-5.208756142021009,-0.053851973536825436,0.016514734004556702,0.30666905815927953,NaN,-0.35643,0.39782,-0.05724,3.44453,2.0,0.0,0.0
2024-11-26T21:30:00.0,-5.453785444591292,-0.09706533035860712,0.024782906581738536,0.25532192071235194,16.03546,-0.42613,0.58964,0.08098,3.43167,0.0,0.0,0.0
2024-11-26T22:00:00.0,-5.81059060915248,-0.0639589759081237,0.018917763144918102,0.29577964431596343,NaN,-0.2592,0.60619,0.05894,3.0345,2.0,0.0,0.0
2024-11-26T22:30:00.0,-5.902938491772553,-0.06220563903319489,0.013579786796354822,0.2183047551220914,NaN,-0.30528,0.38286,-0.0653,3.09434,2.0,0.0,0.0
2024-11-26T23:00:00.0,-6.322835577232722,0.039428613103651054,0.010921712434117084,0.2769996602570265,NaN,-0.43293,0.36696,-0.01551,3.49142,2.0,0.0,0.0
2024-11-26T23:30:00.0,-6.6335703257299645,0.08961127952171827,-0.018878856592552902,0.21067500311696147,-10.14176,-0.3462,0.30903,0.09555,3.67496,0.0,0.0,0.0
2024-11-27T00:00:00.0,-6.847856922693325,0.07082529724909868,-0.003885259129793731,0.05485694067938662,-22.73401,-0.54491,0.55768,0.17359,3.97937,0.0,0.0,0.0
2024-11-27T00:30:00.0,-7.089923988728841,0.08703310950865052,-0.007258355323694035,0.08339763297751188,-30.11798,-0.4729,0.50597,0.01656,3.95544,0.0,0.0,0.0
2024-11-27T01:00:00.0,-7.260611117094271,0.11570991263497969,-0.03891766904874686,0.3363382458987516,-26.34524,-0.35874,0.35048,0.00918,3.92996,0.0,0.0,0.0
2024-11-27T01:30:00.0,-7.396070373484522,0.11918299353993832,-0.03672436758675906,0.3081342941302502,-30.727,-0.49297,0.37781,0.22665,4.21456,0.0,0.0,0.0
2024-11-27T02:00:00.0,-7.645656853268148,0.10898973571504887,-0.03697102156192052,0.3392156272273234,-34.29681,-0.44046,0.46697,-0.25985,4.17676,0.0,0.0,0.0
2024-11-27T02:30:00.0,-7.827475840272473,0.1706661115309236,-0.061751472190027516,0.36182620929310005,-43.03463,-0.56529,0.63479,0.12677,4.497,0.0,0.0,0.0
2024-11-27T03:00:00.0,-7.633484174349302,0.1578318603759285,-0.05592425819109699,0.35432806822332935,-48.23528,-0.62228,0.68768,-0.13374,4.76774,0.0,0.0,1.0
2024-11-27T03:30:00.0,-7.8692385698371705,0.14434190068126637,-0.03601687633351194,0.2495247475855529,-38.11355,-0.55683,0.71499,0.10982,4.6081,0.0,0.0,0.0
2024-11-27T04:00:00.0,-7.768506726405317,0.15914851566710486,-0.051923972774341715,0.3262611187838689,-55.11715,-0.6383,0.64109,0.03502,4.73612,0.0,0.0,0.0
2024-11-27T04:30:00.0,-8.308724420233474,0.10969034704051883,-0.01718537052525379,0.15667167612210797,-35.76065,-0.69438,0.47285,0.26135,5.38702,0.0,0.0,0.0
2024-11-27T05:00:00.0,-8.684165972569225,0.08156720795942325,-0.016486579503708697,0.20212264114655215,-29.74421,-0.72429,0.50823,-0.06425,4.99015,0.0,0.0,0.0
2024-11-27T05:30:00.0,-8.657054490088251,0.04378452404392565,-0.009163312810302231,0.20928200112691375,-26.83962,-1.01451,0.46666,-0.03912,5.27748,0.0,0.0,0.0
2024-11-27T06:00:00.0,-8.503762445465895,0.0724401294665181,-0.030564254972675835,0.4219243559856235,-40.04232,-0.88238,0.47853,-0.05814,5.06346,0.0,0.0,0.0
2024-11-27T06:30:00.0,-8.596151805145695,0.024419597878039042,-0.009238270937060008,0.3783138028398142,-27.76428,-0.99251,0.43605,-0.03811,5.38206,0.0,0.0,0.0
2024-11-27T07:00:00.0,-8.559615580588584,0.04508224286518202,-0.009847640250280084,0.2184372299250805,-36.71425,-0.90276,0.69142,0.13504,5.50797,0.0,0.0,0.0
2024-11-27T07:30:00.0,-8.577819236476767,0.0492644210286413,-0.011114037562721711,0.22559967884855975,-69.60192,-1.26617,0.91193,-0.08595,5.81342,0.0,0.0,0.0
2024-11-27T08:00:00.0,-8.251175302139103,0.12684402073387038,-0.016890960702164292,0.13316323942145428,-92.51998,-1.30458,0.7934,-0.31049,6.46811,0.0,0.0,0.0
2024-11-27T08:30:00.0,-8.403330652513096,0.09821116640094542,-0.021927815554343755,0.22327212228417917,-63.7036,-1.20185,NaN,0.20127,6.77545,0.0,0.0,2.0
2024-11-27T09:00:00.0,-8.343297842545022,0.10472090668800879,-0.00972575692171836,0.09287311606930558,-87.34052,-1.28367,0.79144,-0.02333,6.65042,0.0,0.0,0.0
2024-11-27T09:30:00.0,-8.118592704208101,0.18207480309531676,-0.042784679239156534,0.23498407529106932,-86.83998,-1.15926,0.70613,-0.10794,6.49283,0.0,0.0,0.0
2024-11-27T10:00:00.0,-8.033307167645418,0.1622016807484622,-0.02433363930462497,0.15002088259714702,-75.88474,-1.0529,0.53623,0.08973,6.13175,0.0,0.0,0.0
2024-11-27T10:30:00.0,-8.09978201598559,0.1554283092916116,-0.07201559613443705,0.46333641833112116,-105.7422,-1.02646,1.1433,-0.03525,6.27992,0.0,0.0,0.0
2024-11-27T11:00:00.0,-7.876942107158789,0.1433143115789756,-0.010933339890875252,0.0762892398562042,-72.94265,-0.9426,0.6684,0.00955,6.09025,0.0,0.0,0.0
2024-11-27T11:30:00.0,-7.925876248654539,0.09132185045227816,-0.016159456962262585,0.17695060801146373,-38.5558,-0.9696,NaN,-0.0301,5.90987,0.0,0.0,2.0
2024-11-27T12:00:00.0,-7.734664409148463,0.10820555771232948,-0.023016802249484464,0.21271367881745887,-62.49835,-1.12549,0.51849,0.18575,5.90995,0.0,0.0,0.0
2024-11-27T12:30:00.0,-7.637844622332591,0.10424732488654057,-0.016881610896293,0.16193807289219558,-42.92448,-0.74437,0.43199,-0.096,5.80572,0.0,0.0,0.0
2024-11-27T13:00:00.0,-7.915844110269351,0.11657712996493158,-0.006166723179461038,0.052898224388575145,-39.0859,-0.68789,0.36973,0.22041,5.44578,0.0,0.0,0.0
2024-11-27T13:30:00.0,-7.927338343446184,0.14375213479025345,-0.023882855371167324,0.16613913529711705,-47.13265,-0.75183,0.4893,-0.0867,5.1772,0.0,0.0,0.0
2024-11-27T14:00:00.0,-7.965385648074157,0.09777471822822426,-0.029318210040278663,0.29985471266554353,-47.48108,-0.75768,0.4463,-0.15533,5.2895,0.0,0.0,0.0
2024-11-27T14:30:00.0,-7.767248972603942,0.15225078440083936,-0.029739954814769574,0.19533531424358044,-54.74986,-0.70355,0.5595,0.03357,5.21359,0.0,0.0,0.0
2024-11-27T15:00:00.0,-7.790589557139247,0.15353798128719812,-0.012546683147156911,0.08171712980704042,-56.17421,-0.76545,0.48327,-0.01503,5.15652,0.0,0.0,0.0
2024-11-27T15:30:00.0,-7.972779975223582,0.16007909651946564,-0.018838819558042896,0.11768444455052314,-53.31262,-0.66617,0.24833,0.15073,4.83066,0.0,0.0,1.0
2024-11-27T16:00:00.0,-8.049230527093183,0.1296959710271638,-0.022400466363240414,0.17271520607643867,-46.47216,-0.67181,0.51017,0.1329,4.51753,0.0,0.0,0.0
2024-11-27T16:30:00.0,-8.212300239160713,0.13676938584171142,-0.025262418856722018,0.18470813991925947,-43.34728,-0.67756,0.46768,0.03769,4.42493,0.0,0.0,0.0
2024-11-27T17:00:00.0,-8.269814991687392,0.17678277902998282,-0.013407455957256202,0.07584141414013104,-44.16299,-0.56174,0.46359,-0.06554,4.52329,0.0,0.0,0.0
2024-11-27T17:30:00.0,-8.346782404116457,0.17906141436037598,-0.03443651462311972,0.1923167799502207,-35.44404,-0.48389,0.4997,0.1721,4.2369,0.0,0.0,0.0
2024-11-27T18:00:00.0,-8.298323489925826,0.17305822890364514,-0.02810042237886557,0.16237553427471654,-41.21349,-0.36456,0.44442,-0.00289,3.97095,0.0,0.0,0.0
2024-11-27T18:30:00.0,-8.458683796353412,0.192103117514764,-0.05476534167655211,0.2850830449034391,-38.1326,-0.31606,0.38501,-0.08805,3.86787,0.0,0.0,0.0
2024-11-27T19:00:00.0,-8.17784379623582,0.20826581270352346,-0.03303686577283605,0.15862836700839442,NaN,-0.35467,NaN,-0.15159,3.9807,2.0,0.0,2.0
2024-11-27T19:30:00.0,-8.337480311661281,0.1861267956336948,-0.03589107576439678,0.19283132040285,-31.1201,-0.2535,0.43175,0.01159,4.16775,0.0,0.0,1.0
2024-11-27T20:00:00.0,-8.113925112139967,0.3448205415530493,-0.06550268911613862,0.18996167925819837,-28.17437,-0.1686,0.09853,0.04083,3.96322,0.0,0.0,1.0
2024-11-27T20:30:00.0,-8.204174955854004,0.3700021909735178,-0.09334745841472632,0.2522889342063585,-29.31512,-0.16323,0.20182,0.00626,4.2046,0.0,0.0,0.0
2024-11-27T21:00:00.0,-8.24174760515874,0.4107874787189043,-0.09607902652389258,0.23388986154964575,-27.34317,-0.12629,0.11022,-0.06519,3.48768,0.0,0.0,0.0
2024-11-27T21:30:00.0,-8.89055249073218,0.43221401429080974,-0.09709736429802868,0.22465112441425358,-13.38202,-0.06449,NaN,-0.01299,2.91435,0.0,0.0,2.0
2024-11-27T22:00:00.0,-8.798270955639396,0.5573554494543157,-0.11389502346674522,0.20434899053782513,-12.7391,-0.04865,NaN,-0.01948,2.71152,0.0,0.0,2.0
2024-11-27T22:30:00.0,-8.798374108669776,0.8599792212963868,-0.18256675704357117,0.21229205604335247,NaN,-0.0204,NaN,-0.06421,1.73158,2.0,0.0,2.0
2024-11-27T23:00:00.0,-8.188369561901538,0.9262906247576765,-0.2162937840363198,0.23350531491442397,1.33066,-0.01635,NaN,-0.05919,1.13349,0.0,1.0,2.0
2024-11-27T23:30:00.0,-8.204450738938105,0.7846356372634816,-0.16931438414468017,0.21578727259341166,-9.4217,-0.02576,0.19373,0.04983,2.34634,0.0,0.0,1.0
2024-11-28T00:00:00.0,-8.724118649510526,0.9750771745853104,-0.04821274258652671,0.049445053010323065,NaN,-0.01777,NaN,-0.13251,2.40372,2.0,0.0,2.0
2024-11-28T00:30:00.0,-7.8999729565180195,0.7453279434465978,-0.21931980964690154,0.2942594754098545,NaN,-0.0289,0.03782,-0.15447,1.49489,2.0,1.0,1.0
2024-11-28T01:00:00.0,-9.281183053011942,0.8252936082869321,0.04542109952839221,0.05503629141472829,NaN,-0.01508,-0.32377,0.35289,1.97186,2.0,1.0,1.0
2024-11-28T01:30:00.0,-7.280817901890138,1.1370221705462644,-0.2732920722406968,0.24035773384207443,-3.38255,NaN,0.13383,-0.3556,NaN,1.0,NaN,1.0
2024-11-28T02:00:00.0,-7.388423332749045,0.7806818178252772,-0.05062132511893205,0.06484245433042929,NaN,-0.01674,-0.21646,-0.00336,1.28325,2.0,1.0,1.0
2024-11-28T02:30:00.0,-7.2303077580584985,0.8742606912772222,-0.16961694781611053,0.1940118656922734,-6.48377,-0.02413,-0.12582,-0.03288,1.34848,0.0,0.0,1.0
2024-11-28T03:00:00.0,-7.072089708351044,1.0686162673339898,-0.19234827645733105,0.1799975186015147,NaN,NaN,NaN,-0.05709,NaN,2.0,NaN,2.0
2024-11-28T03:30:00.0,-6.591280734041662,1.0014877642196127,-0.2698081893174809,0.26940737466495457,NaN,NaN,0.09394,-0.11096,NaN,2.0,NaN,1.0
2024-11-28T04:00:00.0,-6.086664476991624,0.9719021070757522,-0.2557686474386005,0.26316297246042014,-2.834,-0.01771,-0.03233,-0.17712,1.07239,1.0,0.0,1.0
2024-11-28T04:30:00.0,-5.623639475694219,1.121846046217556,-0.27448883813212366,0.24467603113421585,NaN,-0.01968,NaN,0.03927,1.08539,2.0,0.0,2.0
2024-11-28T05:00:00.0,-5.800937559303321,0.7846395629906754,-0.1879222361471841,0.23950135197225245,-3.13469,-0.0116,0.03825,-0.13403,1.57815,0.0,1.0,1.0
2024-11-28T05:30:00.0,-4.583003185422004,0.9926491089330006,-0.29603235197386,0.2982245682888543,NaN,NaN,-0.03375,0.11587,NaN,2.0,NaN,1.0
2024-11-28T06:00:00.0,-4.812078328587385,1.4124103066075602,-0.3048001909021065,0.2158014491087933,2.93543,-0.008,-0.09783,-0.19344,0.48967,1.0,1.0,1.0
2024-11-28T06:30:00.0,-6.368437074628183,0.8917024711579774,-0.15465423235501446,0.17343703461332602,-5.91294,-0.03434,NaN,0.43437,1.55783,1.0,0.0,2.0
2024-11-28T07:00:00.0,-7.367627070370953,0.48885160975610314,-0.05585124104833062,0.11424988674210525,NaN,-0.03235,-0.2861,-0.07995,1.95639,2.0,0.0,1.0
2024-11-28T07:30:00.0,-8.156647247237238,0.8519278083197662,0.04279165448612543,0.05022920260171133,NaN,NaN,-0.40433,0.03052,2.23732,2.0,2.0,1.0
2024-11-28T08:00:00.0,-8.206216884156634,0.4852073703200907,-0.08104045939962116,0.16702231737774073,NaN,-0.04784,0.02273,0.0874,1.70046,2.0,0.0,0.0
2024-11-28T08:30:00.0,-8.851688511367618,0.4786142425626284,-0.05684353988348371,0.11876692089046123,NaN,-0.06638,-1.17422,0.08923,1.83281,2.0,0.0,1.0
2024-11-28T09:00:00.0,-7.037494279015166,0.6092227940214984,-0.17942276834439205,0.2945109245831346,NaN,-0.09847,NaN,-0.25346,0.62262,2.0,1.0,2.0
2024-11-28T09:30:00.0,-6.652209436110382,0.6095752398051145,-0.2021033412281104,0.331547818925067,-29.95011,-0.03115,0.14517,-0.00325,1.1941,0.0,1.0,1.0
2024-11-28T10:00:00.0,-7.173613401265941,0.7500180032979095,-0.21816787353274558,0.2908835155602107,-48.63367,NaN,NaN,-0.00458,NaN,1.0,NaN,2.0
2024-11-28T10:30:00.0,-7.500055486003965,0.8248335938521381,-0.18704226398443283,0.22676363496654883,-27.44517,NaN,0.17532,0.00548,NaN,1.0,NaN,1.0
2024-11-28T11:00:00.0,-7.477431443324019,0.8638896880587156,-0.21665456073412703,0.25078961322131416,-9.62716,-0.08456,NaN,0.13255,0.53631,0.0,0.0,2.0
2024-11-28T11:30:00.0,-7.45803476926779,0.5203416439754378,-0.1619610986625298,0.3112591516318748,-32.58341,-0.20692,0.08951,-0.03298,1.96008,1.0,0.0,0.0
2024-11-28T12:00:00.0,-6.880813992981579,0.4792940655009862,-0.11738019926112456,0.24490225878017477,-17.69272,-0.14212,0.11056,-0.00303,1.54816,0.0,0.0,1.0
2024-11-28T12:30:00.0,-6.512436692356957,0.5973421932007807,-0.13603536923068751,0.22773440546993612,-42.3801,-0.25671,NaN,-0.10803,1.80538,0.0,0.0,2.0
2024-11-28T13:00:00.0,-6.237871666489076,0.526530926693343,-0.2049893192062349,0.3893205675373799,-50.3597,-0.31047,0.58932,0.15865,3.10267,1.0,0.0,1.0
2024-11-28T13:30:00.0,-7.243278557765312,0.7954141469595333,-0.24594057320633525,0.3091981380346853,NaN,-0.1493,0.74977,NaN,0.64912,2.0,1.0,1.0
2024-11-28T14:00:00.0,-7.420773063958188,0.49336723776634067,-0.18357606315273572,0.37208806969804825,-10.1458,-0.10978,-0.4781,NaN,0.71786,0.0,0.0,1.0
2024-11-28T14:30:00.0,-7.123723334005113,0.4065640908922032,-0.13745293643669473,0.3380843008910473,5.63184,-0.06808,NaN,NaN,0.72146,1.0,1.0,2.0
2024-11-28T15:00:00.0,-7.276408692388838,0.1363696163325266,-0.06934409156388197,0.5085010387855888,NaN,-0.15686,-0.34239,NaN,0.61218,2.0,1.0,1.0
2024-11-28T15:30:00.0,-7.546243646253072,0.26757292597109983,-0.11586897680820783,0.4330369987459893,-5.68799,-0.11368,NaN,NaN,1.49796,1.0,0.0,2.0
2024-11-28T16:00:00.0,-7.01054576186574,0.6967169083528019,-0.29313712760872757,0.42074065390743964,-30.61629,-0.1545,0.30445,NaN,1.40545,0.0,0.0,0.0
2024-11-28T16:30:00.0,-5.72363574054748,0.059111781276983306,-0.047435384179585226,0.8024692058815595,-6.94264,-0.38495,0.33071,NaN,2.2892,1.0,0.0,0.0
2024-11-28T17:00:00.0,-5.656747941822209,-0.08424904088212347,-0.0026843335477889675,0.03186188851152307,NaN,-0.39266,NaN,NaN,2.9601,2.0,0.0,2.0
2024-11-28T17:30:00.0,-5.460483276178931,-0.052673702843804994,-0.014811013701321632,0.2811842134060938,8.37569,-0.45853,-0.36427,NaN,2.99672,0.0,0.0,0.0
2024-11-28T18:00:00.0,-5.549246803799349,-0.06543147298018037,0.015833106654162415,0.24197998200282558,22.12791,-0.43152,NaN,NaN,2.62612,0.0,0.0,2.0
2024-11-28T18:30:00.0,-5.6710724960023375,-0.08648431851600123,0.011275434549412962,0.1303754801204428,10.03956,-0.70585,-0.13056,NaN,3.70673,0.0,0.0,1.0
2024-11-28T19:00:00.0,-5.9498971666692615,-0.06937368816743442,0.026308838487655556,0.37923367176556605,NaN,-0.84052,NaN,NaN,4.96619,2.0,0.0,2.0
2024-11-28T19:30:00.0,-5.951542842086197,-0.08706397778097584,0.022003322474528506,0.2527259038161751,8.5923,-0.76313,0.38749,NaN,4.68666,1.0,0.0,1.0
2024-11-28T20:00:00.0,-6.160358988566052,-0.0997779233987673,0.012120839758842256,0.1214781721844494,NaN,-0.92729,NaN,NaN,4.44055,2.0,0.0,2.0
2024-11-28T20:30:00.0,-6.231277175418529,-0.10561873413347368,0.003496039112804363,0.0331005587359749,27.70745,-1.16487,NaN,NaN,4.91068,0.0,0.0,2.0
2024-11-28T21:00:00.0,-6.293940002700183,-0.11166918249766784,0.005219943250565516,0.04674470730252307,30.11088,-1.24381,NaN,NaN,5.0562,0.0,0.0,2.0
2024-11-28T21:30:00.0,-6.377389615429094,-0.09172190346737344,0.015221820951559325,0.16595622611532376,30.80524,-1.28172,0.32566,NaN,5.38392,0.0,0.0,0.0
2024-11-28T22:00:00.0,-6.424616619560309,-0.08670551874102832,0.010075601575865465,0.11620484742106474,NaN,-0.88721,0.35785,NaN,4.81006,2.0,0.0,1.0
2024-11-28T22:30:00.0,-6.462791796818932,-0.08808756474595299,0.0024878216458725454,0.028242597613493948,NaN,-1.05172,0.61647,NaN,5.28643,2.0,0.0,0.0
2024-11-28T23:00:00.0,-6.27577810016898,-0.1035810860243665,0.0062646033475139825,0.060480185987239914,29.15477,-1.10929,0.52203,NaN,5.1294,0.0,0.0,0.0
2024-11-28T23:30:00.0,-5.9919876447621085,-0.08537986954748333,0.007332436410170897,0.08588015476052023,36.60601,-0.96148,0.329,NaN,4.44804,0.0,0.0,1.0
2024-11-29T00:00:00.0,-5.713091569354072,-0.033366292430573256,0.007983472489895295,0.23926759338056108,NaN,-1.35226,0.40271,NaN,5.24874,2.0,0.0,1.0
2024-11-29T00:30:00.0,-5.664482820169718,-0.010647546111782865,-0.005252280552880784,0.4932855418271885,-30.93751,-1.23943,0.9141,NaN,5.89585,0.0,0.0,0.0
2024-11-29T01:00:00.0,-5.57530841610186,-0.015154944605690293,0.0040675109229682095,0.2683949713310706,-44.14745,-1.80126,0.63995,NaN,6.35139,0.0,0.0,0.0
2024-11-29T01:30:00.0,-5.563185083325626,-0.031014498525837604,0.004391140622628643,0.14158347970612728,-42.06794,-1.47392,0.92763,NaN,6.56505,0.0,0.0,0.0
2024-11-29T02:00:00.0,-5.478674600250125,-0.025895855137632227,0.01785449888637509,0.6894732300393771,-54.68744,-2.00742,1.36459,NaN,7.2629,0.0,0.0,0.0
2024-11-29T02:30:00.0,-5.377014521674816,-0.07282000228171805,0.06432019160563786,0.8832764294184302,-59.7182,-2.24769,0.76541,NaN,7.56698,0.0,0.0,1.0
2024-11-29T03:00:00.0,-5.366304233939007,-0.09113059101566458,0.05884635933023387,0.6457366146140617,-51.51435,-2.09435,NaN,NaN,7.76828,0.0,0.0,2.0
2024-11-29T03:30:00.0,-5.212552892375205,-0.040802793632781394,-0.0071394548163454955,0.17497465689725672,-53.5121,-1.89352,0.94249,NaN,7.03231,0.0,0.0,0.0
2024-11-29T04:00:00.0,-5.21915379601132,-0.055805411854462174,0.0015187943962218363,0.02721589798822342,-20.39951,-1.47296,0.49371,NaN,7.10613,0.0,0.0,0.0
2024-11-29T04:30:00.0,-5.278873264294223,-0.053978777700105667,0.005828625296576394,0.10797994220912091,-17.71849,-1.49593,0.33752,NaN,6.61843,0.0,0.0,0.0
2024-11-29T05:00:00.0,-5.228279304830865,-0.056978272621700694,0.005420268141323855,0.09512868488153318,-9.85344,-1.9529,NaN,NaN,6.6055,1.0,0.0,2.0
2024-11-29T05:30:00.0,-5.014075898942543,-0.07422599643023778,0.010931348720200225,0.14727116166738413,-2.10281,-1.85613,0.52036,NaN,6.9934,1.0,0.0,1.0
2024-11-29T06:00:00.0,-4.87211085881787,-0.09209524817858311,0.009688439869304701,0.1052002145704382,NaN,NaN,NaN,NaN,NaN,NaN,NaN,NaN
2024-11-29T06:30:00.0,-4.573000653105834,-0.10783303996058081,0.0057894283145382116,0.05368881668044025,NaN,NaN,NaN,NaN,NaN,NaN,NaN,NaN
2024-11-29T07:00:00.0,-4.154904366244764,-0.11358373259204863,0.0019820643942270056,0.017450248807598694,NaN,NaN,NaN,NaN,NaN,NaN,NaN,NaN
2024-11-29T07:30:00.0,-3.735524812626795,-0.08372255150634762,0.008368263232664229,0.0999523196809138,NaN,-1.84395,0.34934,NaN,6.27116,2.0,0.0,0.0
2024-11-29T08:00:00.0,-3.4730817889295795,-0.09730083348822972,0.010423270744473584,0.10712416708880983,NaN,-1.66944,0.62661,NaN,6.22734,2.0,0.0,0.0
2024-11-29T08:30:00.0,-3.151513770539068,-0.10787860319581184,0.005444947202625809,0.05047291159992696,5.6948,-1.75717,0.42805,NaN,6.15499,0.0,0.0,0.0
2024-11-29T09:00:00.0,-3.031518393068296,-0.10127513339647659,0.019373244802072805,0.19129320448514767,10.44822,-1.83923,0.29563,NaN,6.23756,0.0,0.0,1.0
2024-11-29T09:30:00.0,-3.140351694743032,-0.09582530922140299,0.023374559235234602,0.2439288683246304,15.66331,-1.64657,0.56961,NaN,5.87411,0.0,0.0,0.0
2024-11-29T10:00:00.0,-3.323306534633094,-0.09938404964590791,0.014148750400074942,0.1423643980144203,5.29465,-1.47877,0.33265,NaN,5.36341,0.0,0.0,0.0
2024-11-29T10:30:00.0,-3.5685277080602003,-0.1045794782205794,0.02804086750901488,0.26812973239234356,17.80991,-1.48276,NaN,NaN,5.2636,0.0,0.0,2.0
2024-11-29T11:00:00.0,-3.6853489932515062,-0.10023501940960045,0.019285698673475172,0.19240479811418085,8.08186,-1.63168,0.34747,NaN,6.01951,0.0,0.0,0.0
2024-11-29T11:30:00.0,-3.8924536276362716,-0.061104236536622426,-0.004958322087146188,0.08114530788997666,-12.65663,-2.02558,0.48017,NaN,6.17517,0.0,0.0,0.0
2024-11-29T12:00:00.0,-4.001856703829182,-0.08550999337741316,0.015444504179538772,0.18061636505305034,5.14139,-1.66876,0.63219,NaN,7.23679,1.0,0.0,0.0
2024-11-29T12:30:00.0,-4.545334021646387,-0.019120344686070025,0.013746155765308401,0.7189282406254451,-8.51594,-1.43273,0.3211,NaN,6.11085,1.0,0.0,0.0
2024-11-29T13:00:00.0,-5.237094143494839,0.011864808121615292,-0.0019143836851101422,0.16134973827537258,-16.90575,-1.54272,0.27084,NaN,5.83607,1.0,0.0,0.0
2024-11-29T13:30:00.0,-5.628230962796642,0.031898494303011136,-0.00030818854883112344,0.009661539065247705,-43.76494,-1.48235,0.58078,NaN,5.66151,0.0,0.0,0.0
2024-11-29T14:00:00.0,-5.848192647898117,0.0772474119987333,-0.009445533683066533,0.12227637714544301,-48.55666,-1.50118,0.51873,NaN,5.77204,0.0,0.0,0.0
2024-11-29T14:30:00.0,-6.08330811281071,0.05053562015151401,-0.01818680075563232,0.3598808266546514,-48.5503,-1.59929,0.46222,NaN,6.0806,0.0,0.0,0.0
2024-11-29T15:00:00.0,-6.285562106260705,0.06607845270023802,-0.013772474443451492,0.20842610383039256,-48.94195,-1.85858,0.49903,NaN,6.16305,0.0,0.0,0.0
2024-11-29T15:30:00.0,-6.8589695219892235,0.030832756439688254,-0.014889202630795486,0.4829020934252231,-49.35792,-1.6009,0.35046,NaN,6.52659,0.0,0.0,1.0
2024-11-29T16:00:00.0,-7.0544050496789925,0.017764440960007545,-0.010735818839210614,0.6043431855457642,-40.59144,-1.42206,0.32581,NaN,6.28625,0.0,0.0,1.0
2024-11-29T16:30:00.0,-7.193007339828952,-0.009869905232104343,0.00020967376681632085,0.02124374671139742,-36.75665,-1.39847,0.31077,NaN,6.15605,0.0,0.0,0.0
2024-11-29T17:00:00.0,-7.223942062232426,-0.026876133850014444,-0.0015749693262340832,0.058601037449187904,-18.61775,-1.23331,0.40662,NaN,6.6229,0.0,0.0,0.0
2024-11-29T17:30:00.0,-7.385632789822389,-0.03134946443072777,0.011373049939835622,0.3627829102141889,-15.42187,-1.40141,0.30705,NaN,6.35601,0.0,0.0,0.0
2024-11-29T18:00:00.0,-7.5930586432602105,-0.03952706460244347,0.012751900182436413,0.3226118688724515,-18.65252,-1.5235,0.50978,NaN,6.89735,0.0,0.0,0.0
2024-11-29T18:30:00.0,-7.76013162659933,-0.012563613315552603,0.0092180662328002,0.7337113934722169,-29.2821,-1.28363,0.37659,NaN,6.67103,0.0,0.0,0.0
2024-11-29T19:00:00.0,-8.052239002825479,0.0001928662734129053,0.019408921307833588,100.63408684358845,-28.59018,-1.16419,0.38103,NaN,5.9039,0.0,0.0,0.0
2024-11-29T19:30:00.0,-8.246420086110872,0.03068799467198448,-0.0007858543127437998,0.025607874386827163,-36.09883,-1.16829,0.19986,NaN,5.73675,0.0,0.0,1.0
2024-11-29T20:00:00.0,-8.499737600988544,0.04543913742110436,-0.006742335569654622,0.14838168047008574,-36.42895,-1.14142,0.34177,NaN,5.64979,0.0,0.0,0.0
2024-11-29T20:30:00.0,-8.896367209855473,0.020146535499252133,-8.867077232635131e-5,0.004401291345087243,-36.8646,-1.17874,0.26823,NaN,5.69367,0.0,0.0,1.0
2024-11-29T21:00:00.0,-8.953896893633468,0.027324527832484388,-0.0028572743588265214,0.10456811463836861,-40.87281,-1.1485,0.29995,NaN,5.76493,0.0,0.0,1.0
2024-11-29T21:30:00.0,-9.030739556893845,0.0480706014470557,0.0011973689472883611,0.02490854932628889,-35.81336,-1.04409,0.36615,NaN,6.18275,0.0,0.0,0.0
2024-11-29T22:00:00.0,-9.248462973186125,0.04174474104510592,-0.002988981379099646,0.07160138748662974,-41.96759,-1.13923,0.33049,NaN,6.10717,0.0,0.0,0.0
2024-11-29T22:30:00.0,-9.358737778660652,0.03665632764240684,-0.01856952705518106,0.5065844903049812,-39.2716,-1.13045,0.39331,NaN,6.35641,0.0,0.0,0.0
2024-11-29T23:00:00.0,-9.380240542647954,0.04487305074487175,-0.004667845675713709,0.10402336364988883,-31.65407,-1.01892,0.35156,NaN,6.09317,0.0,0.0,0.0
2024-11-29T23:30:00.0,-9.634386160222544,0.05103707053012181,-0.013041851488943854,0.255536835352778,-29.07142,-0.85023,0.38201,NaN,5.59422,0.0,0.0,0.0
2024-11-30T00:00:00.0,-9.625563606647292,0.04825176782411405,-0.014702593655692167,0.3047058028896607,-36.86819,-1.00954,0.44667,NaN,5.58458,0.0,0.0,0.0
2024-11-30T00:30:00.0,-9.784209683192014,0.03333286992891565,3.6510067619042196e-5,0.0010953172558169192,-25.91528,-0.91633,0.29671,NaN,5.29612,0.0,0.0,0.0
2024-11-30T01:00:00.0,-9.81843892986857,0.0887746964454287,-0.016095919273887666,0.1813120170315885,-30.51517,-0.9553,0.28179,NaN,5.63228,0.0,0.0,1.0
2024-11-30T01:30:00.0,-9.871664286248619,0.03767440927706681,-0.007595115809971203,0.201598802893361,-24.80586,-0.7378,0.39221,NaN,4.93684,0.0,0.0,0.0
2024-11-30T02:00:00.0,-9.860543381138973,0.09276615561973578,-0.02431660656615867,0.2621279970449198,-34.13794,-0.84483,0.40582,NaN,5.05375,0.0,0.0,0.0
2024-11-30T02:30:00.0,-9.813834930079476,0.12343131746471209,-0.025063952046478277,0.2030599086301079,-31.25094,-0.66985,0.49754,NaN,4.45395,0.0,0.0,0.0
2024-11-30T03:00:00.0,-10.095888010728709,0.12897238416265708,-0.03441545659425333,0.2668436101084192,-34.95234,-0.71151,0.21442,NaN,4.76435,0.0,0.0,1.0
2024-11-30T03:30:00.0,-10.202060804365239,0.11996703557187231,-0.0310014481412484,0.25841638908111064,-31.24591,-0.7073,0.38062,NaN,4.80733,0.0,0.0,0.0
2024-11-30T04:00:00.0,-10.602872704736402,0.1961387937896021,-0.05125020915087882,0.261295627247789,-32.36897,-0.50149,0.33293,NaN,4.52307,0.0,0.0,0.0
2024-11-30T04:30:00.0,-10.635461747823554,0.16540636788322796,-0.04074303966057127,0.24632086528454977,-34.60714,-0.6165,0.29105,NaN,4.63029,0.0,0.0,0.0
2024-11-30T05:00:00.0,-10.709824618194332,0.22080034117797223,-0.07083865043181874,0.3208267254203221,-32.5049,-0.55124,0.2964,NaN,4.71043,0.0,0.0,0.0
2024-11-30T05:30:00.0,-10.547983698987112,0.15778471756139062,-0.0513351021358129,0.32534901306800845,-41.1056,-0.75628,0.32324,NaN,5.34945,0.0,0.0,0.0
2024-11-30T06:00:00.0,-10.493432870613944,0.12507241331680805,-0.034878717540259285,0.27886819015726194,-49.97943,-0.94759,0.41486,NaN,5.25423,0.0,0.0,0.0
2024-11-30T06:30:00.0,-10.714437656920289,0.17076942722135008,-0.015447820905379973,0.09046010844409884,-41.2961,-0.77483,0.32919,NaN,5.08563,0.0,0.0,0.0
2024-11-30T07:00:00.0,-10.955779805954183,0.20585980151745936,-0.05793139381270957,0.2814118802489776,-38.48133,-0.62174,0.38515,NaN,4.65096,0.0,0.0,0.0
2024-11-30T07:30:00.0,-10.943503564045864,0.18096015968718976,-0.054061080573823396,0.2987457607645469,-48.71727,-0.7264,0.42495,NaN,4.73367,0.0,0.0,0.0
2024-11-30T08:00:00.0,-11.118929991581926,0.2353483765380208,-0.06919355228740369,0.29400479963041254,-31.3118,-0.40263,0.25747,NaN,4.00381,0.0,0.0,0.0
2024-11-30T08:30:00.0,-10.835398845120341,0.15904245330863265,-0.032837063425613,0.20646728431615965,-37.91432,-0.55011,0.30321,NaN,4.54382,0.0,0.0,0.0
2024-11-30T09:00:00.0,-11.312678409582826,0.16465382769780976,0.002558892377081668,0.015541043976080653,-27.41341,-0.73627,0.28535,NaN,4.98082,0.0,0.0,1.0
2024-11-30T09:30:00.0,-11.77487162351601,0.1181701226511025,-0.014952494350767316,0.12653362808901014,-32.44509,-0.82245,0.37594,NaN,4.94561,0.0,0.0,0.0
2024-11-30T10:00:00.0,-11.712727051598431,0.10387789501295516,-0.024410563307837668,0.23499285680358942,-37.86874,-0.92415,0.44521,NaN,5.68142,0.0,0.0,0.0
2024-11-30T10:30:00.0,-11.948178793975481,0.08470128660085592,-0.015050454607001084,0.17768861856756019,-40.31456,-1.02172,0.44348,NaN,5.82654,0.0,0.0,0.0
2024-11-30T11:00:00.0,-11.856143147711723,0.10191348444765945,-0.0184176895601832,0.18071886816549898,-36.2496,-0.89625,0.40562,NaN,5.71674,0.0,0.0,0.0
2024-11-30T11:30:00.0,-11.709419969895999,0.06992058522904415,-0.02502782564123258,0.35794645538573566,-41.95862,-1.01009,0.30963,NaN,5.88534,0.0,0.0,0.0
2024-11-30T12:00:00.0,-11.406280885744437,0.0972088964598028,-0.01241869341513803,0.12775264268402972,-25.84966,-1.00529,0.17382,NaN,5.91397,0.0,0.0,0.0
2024-11-30T12:30:00.0,-11.579707591964151,0.10086032575975626,0.001189796275050911,0.011796474640434339,-46.99722,-1.33069,0.45268,NaN,5.90149,0.0,0.0,0.0
2024-11-30T13:00:00.0,-11.84775017112352,0.07287173538484247,-0.0015476758208572362,0.0212383554842466,-35.822,-1.07363,0.28964,NaN,5.87082,0.0,0.0,0.0
2024-11-30T13:30:00.0,-11.952292664241801,0.07414871581036346,-0.007294280616623448,0.09837366078299574,-22.98584,-0.99298,0.22936,NaN,5.87608,0.0,0.0,1.0
2024-11-30T14:00:00.0,-11.990038129262347,0.0700846630226169,-0.002114049872965741,0.03016422968722158,-44.43124,-1.23195,0.38171,NaN,6.08745,0.0,0.0,0.0
2024-11-30T14:30:00.0,-11.98122128206651,0.062439886095673656,0.004642298803304616,0.07434829070942639,-56.66282,-1.2796,0.528,NaN,5.76863,0.0,0.0,0.0
2024-11-30T15:00:00.0,-11.792200983440981,0.06718456907138556,-0.014919798201804465,0.22207180023662493,-52.26424,-1.16199,0.35153,NaN,5.68698,0.0,0.0,0.0
2024-11-30T15:30:00.0,-11.232662348531202,0.06974457067834558,0.0069405386346719,0.09951367636458633,-72.28193,-1.56403,0.47319,NaN,6.63687,0.0,0.0,0.0
2024-11-30T16:00:00.0,-11.306166970348595,0.0907655311870107,0.009030892974690046,0.09949694401152188,-66.97182,-1.51899,0.2968,NaN,6.07547,0.0,0.0,1.0
2024-11-30T16:30:00.0,-11.438904894294383,0.0693971710779379,0.0070763730598100705,0.10196918620591618,-89.36012,-1.53708,0.51886,NaN,6.53159,0.0,0.0,0.0
2024-11-30T17:00:00.0,-11.104617344219058,0.06749467786718043,-0.01865594388883026,0.27640614754162407,-53.21812,-1.43917,0.38387,NaN,5.93645,0.0,0.0,0.0
2024-11-30T17:30:00.0,-11.116503897882161,0.07222125424168589,-0.013681356769488902,0.18943670963820045,-43.93824,-1.20053,0.34619,NaN,5.91535,0.0,0.0,0.0
2024-11-30T18:00:00.0,-11.060825246847381,0.06077411099179438,-0.005283107258379495,0.08693022690357102,-51.25823,-1.29944,0.38722,NaN,5.83667,0.0,0.0,0.0
2024-11-30T18:30:00.0,-11.008608049034187,0.05014935434908102,-0.022088550093020746,0.4404553234976098,-45.99718,-1.17017,0.44006,NaN,6.03558,0.0,0.0,0.0
2024-11-30T19:00:00.0,-11.19611187652229,0.09766673996080834,-0.006397707233278663,0.06550548565300666,-32.42013,-0.85913,0.31626,NaN,5.39109,0.0,0.0,0.0
2024-11-30T19:30:00.0,-11.292589355242795,0.08144060290186268,-0.012356496039106678,0.15172402461210246,-29.26551,-0.78441,0.27066,NaN,5.62009,0.0,0.0,0.0
2024-11-30T20:00:00.0,-11.258034618976987,0.07450718446723568,-0.024002830556676655,0.3221545778210399,-40.21421,-0.77567,0.36794,NaN,5.18886,0.0,0.0,0.0
2024-11-30T20:30:00.0,-11.09661392754156,0.055286376793943534,-0.013287155016479259,0.24033325725072346,-36.34272,-0.96054,0.34719,NaN,5.37276,0.0,0.0,0.0
2024-11-30T21:00:00.0,-11.104525920467973,0.10241742114089677,-0.011016203838389504,0.10756181629719412,-31.63007,-0.74053,0.30097,NaN,5.50168,0.0,0.0,0.0
2024-11-30T21:30:00.0,-11.127597134249315,0.09530628445257901,-0.02710122740423088,0.28435929025976747,-34.42364,-0.78365,0.3661,NaN,5.05042,0.0,0.0,0.0
2024-11-30T22:00:00.0,-10.99240682708368,0.10195756972572763,-0.015561998442221073,0.15263210455176446,-32.46397,-0.77898,0.5219,NaN,5.20121,0.0,0.0,0.0
2024-11-30T22:30:00.0,-11.200052722684074,0.1192352249045182,-0.031124417865269743,0.2610337498016523,-30.32873,-0.68956,0.19868,NaN,5.06646,0.0,0.0,1.0
2024-11-30T23:00:00.0,-11.065964031824649,0.140623114649684,-0.06394268634966706,0.4547096436383103,-36.41014,-0.76474,0.42847,NaN,5.43915,0.0,0.0,0.0
